Term,Total,slope,pvalue,weeks_present,first_seen,last_seen,score_up,score_down
fashion,339,16.845238095238095,0.0873225364214041,7,2026-08-10,2026-09-28,0.913561303016067,-0.913561303016067
strong,254,14.69047619047619,0.28399094227511684,3,2026-09-07,2026-09-21,0.919953303808422,-0.919953303808422
div,224,13.285714285714286,0.2953691650549446,3,2026-09-14,2026-09-28,0.8857142857142858,-0.8857142857142858
style,209,11.892857142857142,0.2363324533395637,5,2026-08-24,2026-09-28,0.8206851116464426,-0.8206851116464426
design,209,11.25,0.11897212394953165,8,2026-08-10,2026-09-28,0.7763237542601485,-0.7763237542601485
trends,437,10.416666666666666,0.2800177135719109,8,2026-08-10,2026-09-28,0.4977275860078089,-0.4977275860078089
trend,239,8.702380952380953,0.17837425011115085,8,2026-08-10,2026-09-28,0.5617362750154011,-0.5617362750154011
figure,123,7.273809523809524,0.3035086002994599,2,2026-09-14,2026-09-21,0.6532073782045207,-0.6532073782045207
home,163,7.25,0.01741569091928837,8,2026-08-10,2026-09-28,0.566129886846197,-0.566129886846197
fall,287,7.059523809523809,0.32122846026984003,7,2026-08-17,2026-09-28,0.41598642980518125,-0.41598642980518125
width,118,7.0476190476190474,0.30298420238032286,2,2026-09-21,2026-09-28,0.6460541788579776,-0.6460541788579776
height,115,6.892857142857143,0.29562508971171675,2,2026-09-21,2026-09-28,0.6399857190744824,-0.6399857190744824
beauty,201,6.75,0.18273645257976331,8,2026-08-10,2026-09-28,0.47492834269294704,-0.47492834269294704
new,144,6.523809523809524,0.28484897588336594,8,2026-08-10,2026-09-28,0.5417728923791607,-0.5417728923791607
class,107,6.464285714285714,0.27907107180292057,2,2026-09-21,2026-09-28,0.6220261828769182,-0.6220261828769182
src,108,6.428571428571429,0.29858465993501515,3,2026-09-14,2026-09-28,0.6157454690707401,-0.6157454690707401
people,114,6.357142857142857,0.2788257336817629,3,2026-08-24,2026-09-21,0.592806628095628,-0.592806628095628
figcaption,106,6.309523809523809,0.309958735506241,1,2026-09-21,2026-09-21,0.6099646895169067,-0.6099646895169067
makeup,158,5.880952380952381,0.2648843261751771,8,2026-08-10,2026-09-28,0.46638986112471814,-0.46638986112471814
shorts,83,5.464285714285714,0.09342954798021007,3,2026-09-14,2026-09-28,0.5962024501090506,-0.5962024501090506
div div,86,5.095238095238095,0.3053493176085957,2,2026-09-14,2026-09-21,0.5462668629887811,-0.5462668629887811
color,95,4.678571428571429,0.2585225150010322,6,2026-08-17,2026-09-28,0.47750469688183983,-0.47750469688183983
look,122,4.595238095238095,0.2591527025547991,8,2026-08-10,2026-09-28,0.41433866545432,-0.41433866545432
best,86,4.5476190476190474,0.22978254566273312,6,2026-08-17,2026-09-28,0.4875559384619495,-0.4875559384619495
like,90,4.5,0.24958108547809077,6,2026-08-17,2026-09-28,0.47172817652486326,-0.47172817652486326
decor,116,4.476190476190476,0.01855407841335483,7,2026-08-17,2026-09-28,0.4138239559140598,-0.4138239559140598
viral,71,4.345238095238095,0.1431718247214414,3,2026-09-07,2026-09-28,0.5120912205021624,-0.5120912205021624
ideas,76,4.285714285714286,0.0327510078729372,7,2026-08-17,2026-09-28,0.4884024705413055,-0.4884024705413055
blockquote,70,4.166666666666667,0.309958735506241,1,2026-09-21,2026-09-21,0.49449235758077226,-0.49449235758077226
work,68,4.095238095238095,0.2670336880607378,3,2026-09-14,2026-09-28,0.4930087316845786,-0.4930087316845786
img,70,4.0476190476190474,0.29874867498989827,4,2026-08-17,2026-09-28,0.4803640045070358,-0.4803640045070358
src width,66,3.9523809523809526,0.2974753883506142,2,2026-09-21,2026-09-28,0.4828601848368254,-0.4828601848368254
time,72,3.9523809523809526,0.25380175429448987,5,2026-08-24,2026-09-28,0.4625912008228018,-0.4625912008228018
week,69,3.9404761904761907,0.14628084985673323,4,2026-09-07,2026-09-28,0.47097698772581464,-0.47097698772581464
height src width,60,3.5952380952380953,0.29622383605221847,2,2026-09-21,2026-09-28,0.46032306833017367,-0.46032306833017367
height src,60,3.5952380952380953,0.29622383605221847,2,2026-09-21,2026-09-28,0.46032306833017367,-0.46032306833017367
post,59,3.5357142857142856,0.252796195730334,3,2026-09-14,2026-09-28,0.4564587515173027,-0.4564587515173027
thing,59,3.4166666666666665,0.3038761250182793,2,2026-09-07,2026-09-21,0.44108976998473354,-0.44108976998473354
make,79,3.2738095238095237,0.27733270348593786,8,2026-08-10,2026-09-28,0.36602303203121556,-0.36602303203121556
fashion week,57,3.2738095238095237,0.1268746934116546,4,2026-09-07,2026-09-28,0.4298722504336155,-0.4298722504336155
video,55,3.2261904761904763,0.10446705222269963,4,2026-08-17,2026-09-28,0.4311178366563513,-0.4311178366563513
wear,91,3.2261904761904763,0.3445616643714544,6,2026-08-10,2026-09-21,0.3363536083896861,-0.3363536083896861
right,59,3.2261904761904763,0.24725718857897996,3,2026-09-07,2026-09-21,0.416499399532623,-0.416499399532623
looks,60,3.1666666666666665,0.23730799297163058,6,2026-08-24,2026-09-28,0.4054501197875039,-0.4054501197875039
dress,53,3.011904761904762,0.31156526142959307,2,2026-08-31,2026-09-21,0.4098683233625291,-0.4098683233625291
just,54,2.9761904761904763,0.3042939418996059,4,2026-08-24,2026-09-28,0.40130944194240603,-0.40130944194240603
class rws,48,2.9285714285714284,0.25823781559052683,2,2026-09-21,2026-09-28,0.4183673469387755,-0.4183673469387755
rws,48,2.9285714285714284,0.25823781559052683,2,2026-09-21,2026-09-28,0.4183673469387755,-0.4183673469387755
figure img,49,2.892857142857143,0.30185849357442335,2,2026-09-14,2026-09-21,0.40911178054364533,-0.40911178054364533
alt,48,2.880952380952381,0.29277955959085145,2,2026-09-21,2026-09-28,0.41156462585034015,-0.41156462585034015
skincare,61,2.869047619047619,0.35023442018424505,4,2026-08-17,2026-09-21,0.3643694119886418,-0.3643694119886418
outfit,42,2.761904761904762,0.08295011029749653,3,2026-09-14,2026-09-28,0.42118652758528907,-0.42118652758528907
img alt,46,2.761904761904762,0.2920303495432104,2,2026-09-21,2026-09-28,0.4028652146132326,-0.4028652146132326
interior,64,2.738095238095238,0.09426814669094834,6,2026-08-17,2026-09-28,0.3396189161371184,-0.3396189161371184
strong strong,45,2.6785714285714284,0.309958735506241,1,2026-09-21,2026-09-21,0.39493381112918874,-0.39493381112918874
actually,52,2.642857142857143,0.29386216758949335,4,2026-08-24,2026-09-28,0.36302434757867813,-0.36302434757867813
way,59,2.630952380952381,0.3286044971821458,5,2026-08-17,2026-09-28,0.3396544918697774,-0.3396544918697774
making,55,2.5833333333333335,0.2445309899512889,5,2026-08-31,2026-09-28,0.34521243747021485,-0.34521243747021485
women,43,2.5595238095238093,0.12941537318993987,3,2026-09-07,2026-09-28,0.38586273264416177,-0.38586273264416177
home decor,48,2.5476190476190474,0.08379267204336274,5,2026-08-17,2026-09-28,0.3639455782312925,-0.3639455782312925
men,39,2.5357142857142856,0.12821440316034574,2,2026-09-21,2026-09-28,0.40093163191420517,-0.40093163191420517
looking,46,2.4285714285714284,0.14874063992891304,5,2026-08-17,2026-09-28,0.35424355078060105,-0.35424355078060105
text,40,2.4047619047619047,0.289331973053615,2,2026-09-21,2026-09-28,0.3755607131130765,-0.3755607131130765
stylish,48,2.380952380952381,0.07974393848990426,6,2026-08-10,2026-09-28,0.3401360544217687,-0.3401360544217687
know,67,2.369047619047619,0.26776769302706055,6,2026-08-17,2026-09-21,0.2872892225132754,-0.2872892225132754
does,39,2.3452380952380953,0.2888013115918423,2,2026-09-21,2026-09-28,0.37081470181736353,-0.37081470181736353
love,44,2.3095238095238093,0.16966300169996915,5,2026-08-17,2026-09-28,0.3442834822499676,-0.3442834822499676
figcaption figure,38,2.261904761904762,0.309958735506241,1,2026-09-21,2026-09-21,0.3621946336067447,-0.3621946336067447
streetwear,49,2.25,0.21267687110447042,3,2026-08-17,2026-09-21,0.31819805153394637,-0.31819805153394637
living,83,2.2261904761904763,0.43817017589138263,6,2026-08-10,2026-09-28,0.24289729448887248,-0.24289729448887248
makes,44,2.2142857142857144,0.2245447686704479,5,2026-08-31,2026-09-28,0.33008622524996895,-0.33008622524996895
beauty trends,66,2.2142857142857144,0.16469248466241482,7,2026-08-17,2026-09-28,0.27051805536039014,-0.27051805536039014
room,63,2.2023809523809526,0.2682173256518335,5,2026-08-10,2026-09-28,0.27529761904761907,-0.27529761904761907
want,45,2.1547619047619047,0.24743189123619902,4,2026-08-17,2026-09-21,0.31770231028614737,-0.31770231028614737
elle,52,2.142857142857143,0.255700704377211,5,2026-08-17,2026-09-21,0.2943440656043336,-0.2943440656043336
real,63,2.130952380952381,0.29715056617851,6,2026-08-10,2026-09-21,0.2663690476190476,-0.2663690476190476
modern,38,2.119047619047619,0.14228260217894,3,2026-08-17,2026-09-28,0.33931918306316083,-0.33931918306316083
designers,124,2.0952380952380953,0.4702617406556347,6,2026-08-17,2026-09-21,0.18740379239998237,-0.18740379239998237
don,34,2.0714285714285716,0.22294610105446494,3,2026-09-14,2026-09-28,0.350135334101814,-0.350135334101814
image,34,2.0476190476190474,0.2856785104216477,2,2026-09-21,2026-09-28,0.34611079003167816,-0.34611079003167816
size,33,2.0357142857142856,0.23477235799023882,2,2026-09-21,2026-09-28,0.34912211975439295,-0.34912211975439295
person,34,2.0238095238095237,0.309958735506241,1,2026-09-21,2026-09-21,0.3420862459615424,-0.3420862459615424
background,33,1.9642857142857142,0.309958735506241,1,2026-09-21,2026-09-21,0.33687222081564233,-0.33687222081564233
post thumbnail,32,1.9523809523809523,0.25823781559052683,2,2026-09-21,2026-09-28,0.3398658997230291,-0.3398658997230291
house,68,1.9523809523809523,0.3644251096536912,5,2026-08-17,2026-09-21,0.23503904650078747,-0.23503904650078747
feel,46,1.9523809523809523,0.38961119043596676,4,2026-08-10,2026-09-21,0.2847840310196989,-0.2847840310196989
thumbnail,32,1.9523809523809523,0.25823781559052683,2,2026-09-21,2026-09-28,0.3398658997230291,-0.3398658997230291
medium,32,1.9047619047619047,0.309958735506241,1,2026-09-21,2026-09-21,0.3315764875346625,-0.3315764875346625
beautiful,62,1.9047619047619047,0.037473677994476345,7,2026-08-17,2026-09-28,0.2399774431804617,-0.2399774431804617
fashion trends,57,1.869047619047619,0.24419767358474548,7,2026-08-10,2026-09-28,0.24541797570210047,-0.24541797570210047
target,31,1.8452380952380953,0.309958735506241,1,2026-09-21,2026-09-21,0.3261950925116514,-0.3261950925116514
small,53,1.8452380952380953,0.3308752126171433,5,2026-08-10,2026-09-28,0.2511050992932491,-0.2511050992932491
life,32,1.8333333333333333,0.2726459412405082,2,2026-09-14,2026-09-21,0.3191423692521127,-0.3191423692521127
fashion trend,57,1.7738095238095237,0.19185427588498458,4,2026-08-31,2026-09-21,0.23291260114403164,-0.23291260114403164
year,30,1.7619047619047619,0.2967080208583493,2,2026-09-14,2026-09-21,0.3164474369043177,-0.3164474369043177
need,34,1.7380952380952381,0.27697783106112006,3,2026-08-24,2026-09-21,0.2937917171199129,-0.2937917171199129
perfect,36,1.7380952380952381,0.053922609594147936,4,2026-08-31,2026-09-28,0.285741096983121,-0.285741096983121
human,30,1.7380952380952381,0.3039754367856014,2,2026-09-07,2026-09-21,0.3121711201893945,-0.3121711201893945
title,28,1.7142857142857142,0.25084335887446974,2,2026-09-21,2026-09-28,0.3183348654463746,-0.3183348654463746
business,40,1.7142857142857142,0.1578281650836561,5,2026-08-24,2026-09-28,0.2677264489518961,-0.2677264489518961
building,31,1.7023809523809523,0.14933664139386163,5,2026-08-24,2026-09-28,0.3009412788978461,-0.3009412788978461
space,47,1.7023809523809523,0.2878535171037855,6,2026-08-10,2026-09-28,0.2457175252801086,-0.2457175252801086
rel,28,1.6666666666666667,0.309958735506241,1,2026-09-21,2026-09-21,0.3094922302950865,-0.3094922302950865
noopener,28,1.6666666666666667,0.309958735506241,1,2026-09-21,2026-09-21,0.3094922302950865,-0.3094922302950865
left,28,1.6666666666666667,0.309958735506241,1,2026-09-21,2026-09-21,0.3094922302950865,-0.3094922302950865
src figcaption,28,1.6666666666666667,0.309958735506241,1,2026-09-21,2026-09-21,0.3094922302950865,-0.3094922302950865
long,28,1.6428571428571428,0.24958165659397433,3,2026-08-31,2026-09-28,0.30507091271944237,-0.30507091271944237
skin,43,1.630952380952381,0.2016726482109597,7,2026-08-17,2026-09-28,0.24587532266162868,-0.24587532266162868
winter,40,1.619047619047619,0.11597551445397002,6,2026-08-24,2026-09-28,0.25285275734345747,-0.25285275734345747
says,27,1.6071428571428572,0.309958735506241,1,2026-09-21,2026-09-21,0.30372145152527186,-0.30372145152527186
diy,25,1.6071428571428572,0.007816410554531764,4,2026-09-07,2026-09-28,0.3151866457577958,-0.3151866457577958
line,27,1.6071428571428572,0.309958735506241,1,2026-09-21,2026-09-21,0.30372145152527186,-0.30372145152527186
figure img alt,27,1.6071428571428572,0.309958735506241,1,2026-09-21,2026-09-21,0.30372145152527186,-0.30372145152527186
designer,28,1.5952380952380953,0.21703128824126997,3,2026-08-31,2026-09-28,0.2962282775681542,-0.2962282775681542
think,28,1.5952380952380953,0.21941094844351694,3,2026-09-14,2026-09-28,0.2962282775681542,-0.2962282775681542
center,32,1.5952380952380953,0.2582045471748429,4,2026-08-31,2026-09-28,0.2776953083102799,-0.2776953083102799
wearing,34,1.5476190476190477,0.29319522249663893,4,2026-08-10,2026-09-21,0.26159536455882654,-0.26159536455882654
biggest,42,1.5476190476190477,0.32395278210807926,5,2026-08-24,2026-09-21,0.236009692181412,-0.236009692181412
body,26,1.5476190476190477,0.309958735506241,1,2026-09-21,2026-09-21,0.2978394245819498,-0.2978394245819498
noreferrer,26,1.5476190476190477,0.309958735506241,1,2026-09-21,2026-09-21,0.2978394245819498,-0.2978394245819498
makeup look,28,1.5476190476190477,0.2816182567660976,3,2026-08-31,2026-09-28,0.287385642416866,-0.287385642416866
culture,26,1.5476190476190477,0.309958735506241,1,2026-09-21,2026-09-21,0.2978394245819498,-0.2978394245819498
cool,30,1.5,0.31743384663461904,3,2026-08-24,2026-09-21,0.26940795304016235,-0.26940795304016235
doing,25,1.4880952380952381,0.309958735506241,1,2026-09-21,2026-09-21,0.2918394868127739,-0.2918394868127739
font,34,1.4761904761904763,0.4014935805342429,3,2026-08-10,2026-09-21,0.24952173234841918,-0.24952173234841918
street,25,1.4642857142857142,0.07885604889977026,4,2026-09-07,2026-09-28,0.28717005502376947,-0.28717005502376947
online,25,1.4642857142857142,0.2420254862268398,3,2026-09-14,2026-09-28,0.28717005502376947,-0.28717005502376947
black,29,1.4404761904761905,0.26417655013696856,6,2026-08-17,2026-09-28,0.2629937676909726,-0.2629937676909726
kitchen,25,1.4404761904761905,0.2234421797965625,3,2026-09-07,2026-09-28,0.2825006232347651,-0.2825006232347651
class medium feed,24,1.4285714285714286,0.309958735506241,1,2026-09-21,2026-09-21,0.2857142857142857,-0.2857142857142857
feed,24,1.4285714285714286,0.309958735506241,1,2026-09-21,2026-09-21,0.2857142857142857,-0.2857142857142857
seen,24,1.4285714285714286,0.309958735506241,1,2026-09-21,2026-09-21,0.2857142857142857,-0.2857142857142857
times,24,1.4285714285714286,0.309958735506241,1,2026-09-21,2026-09-21,0.2857142857142857,-0.2857142857142857
apartment,36,1.4285714285714286,0.27726393117032316,6,2026-08-17,2026-09-28,0.23485569615051044,-0.23485569615051044
autumn,58,1.4285714285714286,0.365055460621973,6,2026-08-24,2026-09-28,0.1859841585440341,-0.1859841585440341
class medium,24,1.4285714285714286,0.309958735506241,1,2026-09-21,2026-09-21,0.2857142857142857,-0.2857142857142857
medium feed,24,1.4285714285714286,0.309958735506241,1,2026-09-21,2026-09-21,0.2857142857142857,-0.2857142857142857
project,23,1.4166666666666667,0.2380239859356481,2,2026-09-21,2026-09-28,0.289175872411903,-0.289175872411903
use,29,1.4166666666666667,0.34957835507450646,3,2026-08-10,2026-09-21,0.25864676326632846,-0.25864676326632846
try,28,1.4047619047619047,0.2288875297232315,4,2026-08-17,2026-09-28,0.2608577369630014,-0.2608577369630014
welcome,22,1.4047619047619047,0.0699719857043125,3,2026-08-31,2026-09-28,0.29291310546112886,-0.29291310546112886
hands,22,1.4047619047619047,0.16286129672634028,2,2026-09-21,2026-09-28,0.29291310546112886,-0.29291310546112886
tools,24,1.4047619047619047,0.29338255833147814,2,2026-09-14,2026-09-21,0.28095238095238095,-0.28095238095238095
built,23,1.3928571428571428,0.2740154180853442,2,2026-09-21,2026-09-28,0.2843157737159046,-0.2843157737159046
beauty trend,45,1.3928571428571428,0.15270232310587764,7,2026-08-17,2026-09-28,0.20536558178717815,-0.20536558178717815
div class,23,1.3928571428571428,0.2740154180853442,2,2026-09-21,2026-09-28,0.2843157737159046,-0.2843157737159046
book,25,1.3928571428571428,0.29610381081337633,2,2026-09-07,2026-09-21,0.2731617596567563,-0.2731617596567563
cozy,28,1.380952380952381,0.10699137422856224,4,2026-08-17,2026-09-28,0.25643641938735734,-0.25643641938735734
stop,27,1.369047619047619,0.24551242465124176,4,2026-08-24,2026-09-28,0.2587256809289353,-0.2587256809289353
product,23,1.369047619047619,0.309958735506241,1,2026-09-21,2026-09-21,0.27945567501990626,-0.27945567501990626
products,26,1.3571428571428572,0.22689215067929466,4,2026-09-07,2026-09-28,0.26118226463340216,-0.26118226463340216
trending,27,1.3452380952380953,0.2254256130825699,4,2026-08-10,2026-09-28,0.25422610386930167,-0.25422610386930167
story,23,1.3452380952380953,0.2926593601665403,2,2026-09-14,2026-09-21,0.2745955763239079,-0.2745955763239079
inspiration,21,1.3452380952380953,0.051862478160127845,3,2026-09-14,2026-09-28,0.28680572557361883,-0.28680572557361883
old,27,1.3452380952380953,0.19988454597200545,4,2026-08-10,2026-09-28,0.25422610386930167,-0.25422610386930167
text align,22,1.3333333333333333,0.27237582243703473,2,2026-09-21,2026-09-28,0.27801921874276636,-0.27801921874276636
width class,22,1.3333333333333333,0.27237582243703473,2,2026-09-21,2026-09-28,0.27801921874276636,-0.27801921874276636
align,22,1.3333333333333333,0.27237582243703473,2,2026-09-21,2026-09-28,0.27801921874276636,-0.27801921874276636
src width class,22,1.3333333333333333,0.27237582243703473,2,2026-09-21,2026-09-28,0.27801921874276636,-0.27801921874276636
align center,22,1.3333333333333333,0.27237582243703473,2,2026-09-21,2026-09-28,0.27801921874276636,-0.27801921874276636
text align center,22,1.3333333333333333,0.27237582243703473,2,2026-09-21,2026-09-28,0.27801921874276636,-0.27801921874276636
studio,24,1.3333333333333333,0.18259508952938122,3,2026-08-24,2026-09-28,0.26666666666666666,-0.26666666666666666
tiktok,24,1.3333333333333333,0.24462819587126744,2,2026-09-14,2026-09-21,0.26666666666666666,-0.26666666666666666
homes,35,1.3214285714285714,0.24620105473403275,5,2026-08-24,2026-09-21,0.22023809523809523,-0.22023809523809523
sweater,19,1.3214285714285714,0.04223955472386324,2,2026-09-21,2026-09-28,0.2954804113124722,-0.2954804113124722
york,27,1.3214285714285714,0.18134497930905125,3,2026-09-07,2026-09-21,0.24972652680966798,-0.24972652680966798
care,25,1.3214285714285714,0.23901881107880757,4,2026-08-24,2026-09-28,0.2591534642897432,-0.2591534642897432
graphic,22,1.3095238095238095,0.309958735506241,1,2026-09-21,2026-09-21,0.27305458983664554,-0.27305458983664554
second,22,1.3095238095238095,0.309958735506241,1,2026-09-21,2026-09-21,0.27305458983664554,-0.27305458983664554
jacket,22,1.3095238095238095,0.19147325479389868,3,2026-09-14,2026-09-28,0.27305458983664554,-0.27305458983664554
build,23,1.2976190476190477,0.22336641806180593,4,2026-09-07,2026-09-28,0.26487537893191115,-0.26487537893191115
going,27,1.2976190476190477,0.20980971259519673,3,2026-08-31,2026-09-21,0.24522694975003434,-0.24522694975003434
design trends,38,1.2857142857142858,0.20300466050561145,7,2026-08-17,2026-09-28,0.2058790548922549,-0.2058790548922549
timeless,21,1.2738095238095237,0.27057999926021464,2,2026-09-21,2026-09-28,0.27157710297678944,-0.27157710297678944
new york,26,1.2619047619047619,0.1781766312299223,3,2026-09-07,2026-09-21,0.2428536846591283,-0.2428536846591283
better,30,1.2619047619047619,0.20103815778766634,4,2026-08-31,2026-09-21,0.22664478589093023,-0.22664478589093023
block,20,1.2619047619047619,0.03800056170485036,3,2026-09-07,2026-09-28,0.27537019482160946,-0.27537019482160946
simple,49,1.25,0.3078795819378554,7,2026-08-10,2026-09-28,0.17677669529663687,-0.17677669529663687
milan,20,1.2380952380952381,0.22731656747148415,2,2026-09-21,2026-09-28,0.27017453076837156,-0.27017453076837156
moment,22,1.2380952380952381,0.2560267616642109,2,2026-09-14,2026-09-21,0.2581607031182831,-0.2581607031182831
idea,17,1.2261904761904763,0.019340644853148424,3,2026-09-14,2026-09-28,0.28901586691354925,-0.28901586691354925
did,23,1.2261904761904763,0.28394459465860095,4,2026-08-10,2026-09-28,0.25029508284391605,-0.25029508284391605
london,23,1.2261904761904763,0.31532106940618887,2,2026-08-31,2026-09-21,0.25029508284391605,-0.25029508284391605
interior design,20,1.2142857142857142,0.1368331476478947,3,2026-09-14,2026-09-28,0.2649788667151336,-0.2649788667151336
luxury,34,1.2142857142857142,0.1463848627919387,5,2026-08-17,2026-09-28,0.20525174757692544,-0.20525174757692544
latest,26,1.2142857142857142,0.28324156445896603,4,2026-08-17,2026-09-28,0.23368939467199135,-0.23368939467199135
outfits,18,1.1904761904761905,0.0991345485221357,2,2026-09-21,2026-09-28,0.2731139688935259,-0.2731139688935259
london fashion,20,1.1904761904761905,0.309958735506241,1,2026-09-21,2026-09-21,0.2597832026618957,-0.2597832026618957
kind,20,1.1904761904761905,0.309958735506241,1,2026-09-21,2026-09-21,0.2597832026618957,-0.2597832026618957
london fashion week,20,1.1904761904761905,0.309958735506241,1,2026-09-21,2026-09-21,0.2597832026618957,-0.2597832026618957
season,47,1.1785714285714286,0.2921282083322609,7,2026-08-17,2026-09-28,0.17011213288622903,-0.17011213288622903
world,20,1.1666666666666667,0.15654163830549633,3,2026-09-14,2026-09-28,0.2545875386086578,-0.2545875386086578
exactly,22,1.1666666666666667,0.31572072991162015,2,2026-08-31,2026-09-21,0.2432668163999206,-0.2432668163999206
say,72,1.1666666666666667,0.45456897087289205,6,2026-08-17,2026-09-21,0.13654800506215234,-0.13654800506215234
watch,18,1.1666666666666667,0.1339745962155613,2,2026-09-21,2026-09-28,0.2676516895156554,-0.2676516895156554
level,19,1.1547619047619047,0.26642136752266693,2,2026-09-21,2026-09-28,0.25821261168747567,-0.25821261168747567
big,21,1.1547619047619047,0.06771745818887294,3,2026-09-14,2026-09-28,0.24619606531540725,-0.24619606531540725
set,22,1.1428571428571428,0.29545636654018304,3,2026-08-31,2026-09-21,0.23830218749379975,-0.23830218749379975
told,20,1.1428571428571428,0.2701788634696839,2,2026-09-14,2026-09-21,0.24939187455541986,-0.24939187455541986
takes,19,1.130952380952381,0.309958735506241,1,2026-09-21,2026-09-21,0.2528886403124762,-0.2528886403124762
come,19,1.130952380952381,0.309958735506241,1,2026-09-21,2026-09-21,0.2528886403124762,-0.2528886403124762
team,19,1.130952380952381,0.309958735506241,1,2026-09-21,2026-09-21,0.2528886403124762,-0.2528886403124762
single,19,1.130952380952381,0.309958735506241,1,2026-09-21,2026-09-21,0.2528886403124762,-0.2528886403124762
high,18,1.119047619047619,0.2182561582119365,2,2026-09-21,2026-09-28,0.2567271307599143,-0.2567271307599143
web,25,1.1071428571428572,0.22318096366747026,3,2026-09-07,2026-09-21,0.21712857818870376,-0.21712857818870376
means,23,1.1071428571428572,0.3083347102583107,4,2026-08-17,2026-09-28,0.2259945893639242,-0.2259945893639242
user,19,1.1071428571428572,0.28900489765969684,2,2026-09-14,2026-09-21,0.24756466893747672,-0.24756466893747672
denim,18,1.0952380952380953,0.2639958783171417,2,2026-09-21,2026-09-28,0.25126485138204385,-0.25126485138204385
good,29,1.0833333333333333,0.39379466558209236,4,2026-08-17,2026-09-21,0.19778870132130996,-0.19778870132130996
gardens,31,1.0833333333333333,0.23720033399815343,5,2026-08-24,2026-09-21,0.1915080865713566,-0.1915080865713566
years,23,1.0833333333333333,0.20930758261739374,3,2026-08-31,2026-09-21,0.22113449066792581,-0.22113449066792581
rel noopener,18,1.0714285714285714,0.309958735506241,1,2026-09-21,2026-09-21,0.2458025720041733,-0.2458025720041733
girl,22,1.0714285714285714,0.15802486010771064,4,2026-08-24,2026-09-28,0.22340830077543725,-0.22340830077543725
architecture,18,1.0714285714285714,0.309958735506241,1,2026-09-21,2026-09-21,0.2458025720041733,-0.2458025720041733
experience,18,1.0714285714285714,0.309958735506241,1,2026-09-21,2026-09-21,0.2458025720041733,-0.2458025720041733
music,16,1.0714285714285714,0.08081260114424184,2,2026-09-21,2026-09-28,0.25985959825321386,-0.25985959825321386
design ideas,14,1.0714285714285714,0.04147952013454414,2,2026-09-21,2026-09-28,0.27664166758624403,-0.27664166758624403
eye,19,1.0595238095238095,0.31248149052548146,2,2026-08-31,2026-09-21,0.23691672618747772,-0.23691672618747772
personal,17,1.0595238095238095,0.13639805002656122,3,2026-09-14,2026-09-28,0.2497321568476299,-0.2497321568476299
tutorial,15,1.0595238095238095,0.03380940511530331,2,2026-09-21,2026-09-28,0.2648809523809524,-0.2648809523809524
elegant,19,1.0595238095238095,0.11037374701617926,3,2026-08-24,2026-09-28,0.23691672618747772,-0.23691672618747772
happens,18,1.0476190476190477,0.28783763842211435,2,2026-09-14,2026-09-21,0.2403402926263028,-0.2403402926263028
taking,22,1.0476190476190477,0.13260582726630055,4,2026-08-17,2026-09-28,0.21844367186931646,-0.21844367186931646
styles,25,1.0357142857142858,0.36835636199905775,4,2026-08-17,2026-09-21,0.20312028282169065,-0.20312028282169065
save,19,1.0357142857142858,0.15942159169354078,3,2026-09-14,2026-09-28,0.23159275481247824,-0.23159275481247824
fashiontrends,15,1.0357142857142858,0.047567115066333834,2,2026-09-21,2026-09-28,0.25892857142857145,-0.25892857142857145
create,17,1.0357142857142858,0.2612856677154248,2,2026-09-21,2026-09-28,0.2441201982667843,-0.2441201982667843
free,19,1.0357142857142858,0.14922771555042513,3,2026-08-24,2026-09-28,0.23159275481247824,-0.23159275481247824
homes gardens,30,1.0238095238095237,0.23479254150384588,5,2026-08-24,2026-09-21,0.18388161874169812,-0.18388161874169812
power,20,1.0238095238095237,0.2941780435571707,3,2026-08-17,2026-09-21,0.2234135542892303,-0.2234135542892303
report,22,1.0238095238095237,0.2608793715922867,3,2026-08-24,2026-09-21,0.2134790429631956,-0.2134790429631956
isn,19,1.0119047619047619,0.21287947216904168,2,2026-09-14,2026-09-21,0.2262687834374787,-0.2262687834374787
word,17,1.0119047619047619,0.309958735506241,1,2026-09-21,2026-09-21,0.23850823968593865,-0.23850823968593865
function,17,1.0119047619047619,0.309958735506241,1,2026-09-21,2026-09-21,0.23850823968593865,-0.23850823968593865
fast,17,1.0119047619047619,0.309958735506241,1,2026-09-21,2026-09-21,0.23850823968593865,-0.23850823968593865
street style,19,1.0119047619047619,0.1878528164518142,4,2026-09-07,2026-09-28,0.2262687834374787,-0.2262687834374787
machine,17,1.0119047619047619,0.309958735506241,1,2026-09-21,2026-09-21,0.23850823968593865,-0.23850823968593865
september,24,1.0,0.19747302644349024,3,2026-08-31,2026-09-21,0.2,-0.2
vogue,44,1.0,0.3825666322451647,5,2026-08-17,2026-09-21,0.14907119849998599,-0.14907119849998599
bras,16,1.0,0.20703125,2,2026-09-21,2026-09-28,0.24253562503633297,-0.24253562503633297
instyle,32,1.0,0.30233665678035493,5,2026-08-10,2026-09-21,0.17407765595569785,-0.17407765595569785
decor ideas,14,1.0,0.030019745287544416,2,2026-09-21,2026-09-28,0.2581988897471611,-0.2581988897471611
excerpt,16,0.9761904761904762,0.25823781559052683,2,2026-09-21,2026-09-28,0.23676096729737264,-0.23676096729737264
size post,16,0.9761904761904762,0.25823781559052683,2,2026-09-21,2026-09-28,0.23676096729737264,-0.23676096729737264
image height,16,0.9761904761904762,0.25823781559052683,2,2026-09-21,2026-09-28,0.23676096729737264,-0.23676096729737264
image height src,16,0.9761904761904762,0.25823781559052683,2,2026-09-21,2026-09-28,0.23676096729737264,-0.23676096729737264
size post thumbnail,16,0.9761904761904762,0.25823781559052683,2,2026-09-21,2026-09-28,0.23676096729737264,-0.23676096729737264
thinking,18,0.9761904761904762,0.32547271105987313,2,2026-08-24,2026-09-21,0.22395345449269122,-0.22395345449269122
attachment post,16,0.9761904761904762,0.25823781559052683,2,2026-09-21,2026-09-28,0.23676096729737264,-0.23676096729737264
attachment,16,0.9761904761904762,0.25823781559052683,2,2026-09-21,2026-09-28,0.23676096729737264,-0.23676096729737264
budget,14,0.9761904761904762,0.04056663635875771,2,2026-09-21,2026-09-28,0.2520512971341335,-0.2520512971341335
problem,18,0.9761904761904762,0.32547271105987313,2,2026-08-24,2026-09-21,0.22395345449269122,-0.22395345449269122
div class rws,16,0.9761904761904762,0.25823781559052683,2,2026-09-21,2026-09-28,0.23676096729737264,-0.23676096729737264
rws img,16,0.9761904761904762,0.25823781559052683,2,2026-09-21,2026-09-28,0.23676096729737264,-0.23676096729737264
rws excerpt,16,0.9761904761904762,0.25823781559052683,2,2026-09-21,2026-09-28,0.23676096729737264,-0.23676096729737264
rws img alt,16,0.9761904761904762,0.25823781559052683,2,2026-09-21,2026-09-28,0.23676096729737264,-0.23676096729737264
rws title style,16,0.9761904761904762,0.25823781559052683,2,2026-09-21,2026-09-28,0.23676096729737264,-0.23676096729737264
thumbnail size post,16,0.9761904761904762,0.25823781559052683,2,2026-09-21,2026-09-28,0.23676096729737264,-0.23676096729737264
rws title,16,0.9761904761904762,0.25823781559052683,2,2026-09-21,2026-09-28,0.23676096729737264,-0.23676096729737264
post thumbnail size,16,0.9761904761904762,0.25823781559052683,2,2026-09-21,2026-09-28,0.23676096729737264,-0.23676096729737264
post image height,16,0.9761904761904762,0.25823781559052683,2,2026-09-21,2026-09-28,0.23676096729737264,-0.23676096729737264
post image,16,0.9761904761904762,0.25823781559052683,2,2026-09-21,2026-09-28,0.23676096729737264,-0.23676096729737264
homedecor,12,0.9761904761904762,0.10080066627694458,2,2026-09-21,2026-09-28,0.2707465243480285,-0.2707465243480285
post thumbnail post,16,0.9761904761904762,0.25823781559052683,2,2026-09-21,2026-09-28,0.23676096729737264,-0.23676096729737264
class rws title,16,0.9761904761904762,0.25823781559052683,2,2026-09-21,2026-09-28,0.23676096729737264,-0.23676096729737264
class attachment post,16,0.9761904761904762,0.25823781559052683,2,2026-09-21,2026-09-28,0.23676096729737264,-0.23676096729737264
class attachment,16,0.9761904761904762,0.25823781559052683,2,2026-09-21,2026-09-28,0.23676096729737264,-0.23676096729737264
class rws excerpt,16,0.9761904761904762,0.25823781559052683,2,2026-09-21,2026-09-28,0.23676096729737264,-0.23676096729737264
class rws img,16,0.9761904761904762,0.25823781559052683,2,2026-09-21,2026-09-28,0.23676096729737264,-0.23676096729737264
style text,16,0.9761904761904762,0.25823781559052683,2,2026-09-21,2026-09-28,0.23676096729737264,-0.23676096729737264
thumbnail post image,16,0.9761904761904762,0.25823781559052683,2,2026-09-21,2026-09-28,0.23676096729737264,-0.23676096729737264
thumbnail post,16,0.9761904761904762,0.25823781559052683,2,2026-09-21,2026-09-28,0.23676096729737264,-0.23676096729737264
title style text,16,0.9761904761904762,0.25823781559052683,2,2026-09-21,2026-09-28,0.23676096729737264,-0.23676096729737264
width class rws,16,0.9761904761904762,0.25823781559052683,2,2026-09-21,2026-09-28,0.23676096729737264,-0.23676096729737264
attachment post thumbnail,16,0.9761904761904762,0.25823781559052683,2,2026-09-21,2026-09-28,0.23676096729737264,-0.23676096729737264
title style,16,0.9761904761904762,0.25823781559052683,2,2026-09-21,2026-09-28,0.23676096729737264,-0.23676096729737264
thumbnail size,16,0.9761904761904762,0.25823781559052683,2,2026-09-21,2026-09-28,0.23676096729737264,-0.23676096729737264
style text align,16,0.9761904761904762,0.25823781559052683,2,2026-09-21,2026-09-28,0.23676096729737264,-0.23676096729737264
really,17,0.9642857142857143,0.263261288165517,2,2026-09-14,2026-09-21,0.22728432252424743,-0.22728432252424743
family,16,0.9523809523809523,0.309958735506241,1,2026-09-21,2026-09-21,0.23098630955841234,-0.23098630955841234
things,16,0.9523809523809523,0.309958735506241,1,2026-09-21,2026-09-21,0.23098630955841234,-0.23098630955841234
youtubeshorts,14,0.9523809523809523,0.0615387674324911,2,2026-09-21,2026-09-28,0.2459037045211058,-0.2459037045211058
review,16,0.9523809523809523,0.309958735506241,1,2026-09-21,2026-09-21,0.23098630955841234,-0.23098630955841234
wall,12,0.9523809523809523,0.07163076208231237,2,2026-09-21,2026-09-28,0.26414295058344245,-0.26414295058344245
routine,16,0.9523809523809523,0.309958735506241,1,2026-09-21,2026-09-21,0.23098630955841234,-0.23098630955841234
shirt,14,0.9523809523809523,0.0615387674324911,2,2026-09-21,2026-09-28,0.2459037045211058,-0.2459037045211058
fall wear,16,0.9523809523809523,0.309958735506241,1,2026-09-21,2026-09-21,0.23098630955841234,-0.23098630955841234
jeans,16,0.9523809523809523,0.14584907929459257,3,2026-09-14,2026-09-28,0.23098630955841234,-0.23098630955841234
point,16,0.9523809523809523,0.309958735506241,1,2026-09-21,2026-09-21,0.23098630955841234,-0.23098630955841234
milan fashion,15,0.9404761904761905,0.2003606532960757,2,2026-09-21,2026-09-28,0.23511904761904762,-0.23511904761904762
pants,19,0.9404761904761905,0.34339520117739414,2,2026-08-24,2026-09-21,0.2102968693124802,-0.2102968693124802
nyfw,19,0.9404761904761905,0.19117407456014843,2,2026-09-14,2026-09-21,0.2102968693124802,-0.2102968693124802
tops,15,0.9404761904761905,0.2003606532960757,2,2026-09-21,2026-09-28,0.23511904761904762,-0.23511904761904762
milan fashion week,15,0.9404761904761905,0.2003606532960757,2,2026-09-21,2026-09-28,0.23511904761904762,-0.23511904761904762
lot,16,0.9285714285714286,0.2850664428613511,2,2026-09-14,2026-09-21,0.22521165181945205,-0.22521165181945205
tiny,18,0.9285714285714286,0.3180270429932781,2,2026-08-31,2026-09-21,0.2130288957369502,-0.2130288957369502
start,22,0.9285714285714286,0.30047381287019304,5,2026-08-10,2026-09-28,0.1936205273387123,-0.1936205273387123
makeup tutorial,13,0.9166666666666666,0.03456035071284552,2,2026-09-21,2026-09-28,0.2449894717530557,-0.2449894717530557
men fashion,13,0.9166666666666666,0.03456035071284552,2,2026-09-21,2026-09-28,0.2449894717530557,-0.2449894717530557
needs,15,0.9166666666666666,0.2547855342022576,2,2026-09-21,2026-09-28,0.22916666666666666,-0.22916666666666666
art,15,0.9166666666666666,0.2547855342022576,2,2026-09-21,2026-09-28,0.22916666666666666,-0.22916666666666666
model,15,0.8928571428571429,0.309958735506241,1,2026-09-21,2026-09-21,0.22321428571428573,-0.22321428571428573
reading,15,0.8928571428571429,0.309958735506241,1,2026-09-21,2026-09-21,0.22321428571428573,-0.22321428571428573
didn,19,0.8928571428571429,0.370426167372964,2,2026-08-17,2026-09-21,0.19964892656248123,-0.19964892656248123
meesho,11,0.8928571428571429,0.09794587457977365,2,2026-09-21,2026-09-28,0.2577456558882258,-0.2577456558882258
conversation,15,0.8928571428571429,0.309958735506241,1,2026-09-21,2026-09-21,0.22321428571428573,-0.22321428571428573
gets,15,0.8928571428571429,0.309958735506241,1,2026-09-21,2026-09-21,0.22321428571428573,-0.22321428571428573
screen,15,0.8928571428571429,0.309958735506241,1,2026-09-21,2026-09-21,0.22321428571428573,-0.22321428571428573
runways,13,0.8928571428571429,0.05208653792195767,2,2026-09-21,2026-09-28,0.23862610885037894,-0.23862610885037894
came,15,0.8928571428571429,0.309958735506241,1,2026-09-21,2026-09-21,0.22321428571428573,-0.22321428571428573
job,15,0.8928571428571429,0.309958735506241,1,2026-09-21,2026-09-21,0.22321428571428573,-0.22321428571428573
aesthetic,19,0.8928571428571429,0.11303203605194534,5,2026-08-31,2026-09-28,0.19964892656248123,-0.19964892656248123
yahoo,30,0.8809523809523809,0.11827206718806886,6,2026-08-17,2026-09-28,0.15822371845215885,-0.15822371845215885
fyp,12,0.8809523809523809,0.027668841776473416,2,2026-09-21,2026-09-28,0.24433222928968426,-0.24433222928968426
past,18,0.8809523809523809,0.2802452111420464,2,2026-09-07,2026-09-21,0.20210433698120914,-0.20210433698120914
soft,16,0.8809523809523809,0.04182814237933118,3,2026-09-14,2026-09-28,0.21366233634153142,-0.21366233634153142
case,22,0.8809523809523809,0.30693902022931097,3,2026-08-31,2026-09-21,0.18369126952647064,-0.18369126952647064
decor idea,11,0.8690476190476191,0.06695063850083,2,2026-09-21,2026-09-28,0.2508724383978731,-0.2508724383978731
traditional,15,0.8690476190476191,0.19430123881270076,3,2026-09-14,2026-09-28,0.21726190476190477,-0.21726190476190477
early,15,0.8690476190476191,0.2834048332434418,2,2026-09-14,2026-09-21,0.21726190476190477,-0.21726190476190477
different,17,0.8690476190476191,0.35454561985903155,2,2026-08-10,2026-09-21,0.20483648820086497,-0.20483648820086497
finds,13,0.8690476190476191,0.08317865197967911,2,2026-09-21,2026-09-28,0.23226274594770216,-0.23226274594770216
seeing,16,0.8571428571428571,0.2894032248467901,2,2026-09-07,2026-09-21,0.2078876786025711,-0.2078876786025711
instead,36,0.8571428571428571,0.4402309331749593,5,2026-08-10,2026-09-21,0.14091341769030624,-0.14091341769030624
words,16,0.8571428571428571,0.32772281853482355,2,2026-08-24,2026-09-21,0.2078876786025711,-0.2078876786025711
glass,18,0.8571428571428571,0.10441382073904361,4,2026-09-07,2026-09-28,0.19664205760333864,-0.19664205760333864
fashiontiktok,20,0.8571428571428571,0.3107792619361356,2,2026-09-14,2026-09-21,0.1870439059165649,-0.1870439059165649
original,13,0.8452380952380952,0.12821440316034574,2,2026-09-21,2026-09-28,0.22589938304502538,-0.22589938304502538
form,15,0.8452380952380952,0.2571895211830146,2,2026-09-14,2026-09-21,0.2113095238095238,-0.2113095238095238
wrong,14,0.8333333333333334,0.309958735506241,1,2026-09-21,2026-09-21,0.21516574145596762,-0.21516574145596762
durga,14,0.8333333333333334,0.309958735506241,1,2026-09-21,2026-09-21,0.21516574145596762,-0.21516574145596762
training,14,0.8333333333333334,0.309958735506241,1,2026-09-21,2026-09-21,0.21516574145596762,-0.21516574145596762
document,14,0.8333333333333334,0.309958735506241,1,2026-09-21,2026-09-21,0.21516574145596762,-0.21516574145596762
summer,16,0.8333333333333334,0.25942268336340935,3,2026-08-31,2026-09-21,0.20211302086361083,-0.20211302086361083
research,14,0.8333333333333334,0.309958735506241,1,2026-09-21,2026-09-21,0.21516574145596762,-0.21516574145596762
link,12,0.8333333333333334,0.04327027536020873,2,2026-09-21,2026-09-28,0.23112508176051216,-0.23112508176051216
language,14,0.8333333333333334,0.309958735506241,1,2026-09-21,2026-09-21,0.21516574145596762,-0.21516574145596762
skincareroutine,14,0.8333333333333334,0.309958735506241,1,2026-09-21,2026-09-21,0.21516574145596762,-0.21516574145596762
anti,15,0.8214285714285714,0.23271920710384628,2,2026-09-14,2026-09-21,0.20535714285714285,-0.20535714285714285
step,13,0.8214285714285714,0.18419172020246496,2,2026-09-21,2026-09-28,0.2195360201423486,-0.2195360201423486
discover,15,0.8214285714285714,0.2240433368857623,3,2026-08-17,2026-09-28,0.20535714285714285,-0.20535714285714285
question,14,0.8095238095238095,0.2815072979051835,2,2026-09-14,2026-09-21,0.20901814884293995,-0.20901814884293995
website,22,0.8095238095238095,0.2887737828673805,3,2026-08-24,2026-09-21,0.16879738280810816,-0.16879738280810816
hair,16,0.8095238095238095,0.22988501308083417,3,2026-09-07,2026-09-21,0.1963383631246505,-0.1963383631246505
outfit ideas,12,0.8095238095238095,0.07121015977931285,2,2026-09-21,2026-09-28,0.22452150799592607,-0.22452150799592607
premium,15,0.7976190476190477,0.28456922326552564,3,2026-08-17,2026-09-28,0.19940476190476192,-0.19940476190476192
creative,15,0.7976190476190477,0.28456922326552564,3,2026-08-17,2026-09-28,0.19940476190476192,-0.19940476190476192
little,17,0.7976190476190477,0.23074998400780183,4,2026-08-31,2026-09-28,0.18800061245832814,-0.18800061245832814
turn,17,0.7976190476190477,0.09903562392501382,4,2026-09-07,2026-09-28,0.18800061245832814,-0.18800061245832814
content,13,0.7976190476190477,0.14498941285334496,3,2026-09-14,2026-09-28,0.21317265723967185,-0.21317265723967185
bedroom,13,0.7976190476190477,0.03316379916477877,3,2026-08-31,2026-09-28,0.21317265723967185,-0.21317265723967185
return,14,0.7857142857142857,0.2974916877551281,2,2026-09-07,2026-09-21,0.2028705562299123,-0.2028705562299123
pop,12,0.7857142857142857,0.1157638299914791,2,2026-09-21,2026-09-28,0.21791793423134,-0.21791793423134
tips,16,0.7857142857142857,0.2909788935406259,3,2026-08-24,2026-09-28,0.19056370538569017,-0.19056370538569017
shoes,13,0.7738095238095238,0.309958735506241,1,2026-09-21,2026-09-21,0.20680929433699508,-0.20680929433699508
durga puja,13,0.7738095238095238,0.309958735506241,1,2026-09-21,2026-09-21,0.20680929433699508,-0.20680929433699508
combinations,11,0.7738095238095238,0.03566116881778641,2,2026-09-21,2026-09-28,0.22337956843646237,-0.22337956843646237
digital,17,0.7738095238095238,0.23763561558795385,2,2026-09-14,2026-09-21,0.18238865387748252,-0.18238865387748252
thought,13,0.7738095238095238,0.309958735506241,1,2026-09-21,2026-09-21,0.20680929433699508,-0.20680929433699508
mind,13,0.7738095238095238,0.309958735506241,1,2026-09-21,2026-09-21,0.20680929433699508,-0.20680929433699508
puja,13,0.7738095238095238,0.309958735506241,1,2026-09-21,2026-09-21,0.20680929433699508,-0.20680929433699508
great,13,0.7738095238095238,0.03566116881778641,3,2026-09-14,2026-09-28,0.20680929433699508,-0.20680929433699508
works,15,0.7738095238095238,0.34506143310183196,2,2026-08-17,2026-09-21,0.19345238095238096,-0.19345238095238096
brown,13,0.7738095238095238,0.309958735506241,1,2026-09-21,2026-09-21,0.20680929433699508,-0.20680929433699508
rich,15,0.7738095238095238,0.25597476396920904,3,2026-08-31,2026-09-28,0.19345238095238096,-0.19345238095238096
collective,13,0.7738095238095238,0.309958735506241,1,2026-09-21,2026-09-21,0.20680929433699508,-0.20680929433699508
used,13,0.7738095238095238,0.309958735506241,1,2026-09-21,2026-09-21,0.20680929433699508,-0.20680929433699508
websites,15,0.7738095238095238,0.30078552226450816,3,2026-08-24,2026-09-21,0.19345238095238096,-0.19345238095238096
decoration,11,0.7738095238095238,0.03566116881778641,2,2026-09-21,2026-09-28,0.22337956843646237,-0.22337956843646237
transform,12,0.7619047619047619,0.01687762632796278,3,2026-09-14,2026-09-28,0.21131436046675395,-0.21131436046675395
public,12,0.7619047619047619,0.17430026497795087,2,2026-09-21,2026-09-28,0.21131436046675395,-0.21131436046675395
media,14,0.7619047619047619,0.22787750421296793,2,2026-09-14,2026-09-21,0.19672296361688466,-0.19672296361688466
brands,13,0.75,0.27932028719628504,2,2026-09-14,2026-09-21,0.2004459314343183,-0.2004459314343183
suddenly,19,0.75,0.3992904328538033,2,2026-08-24,2026-09-21,0.16770509831248423,-0.16770509831248423
glam,17,0.75,0.08450010061706725,4,2026-08-31,2026-09-28,0.1767766952966369,-0.1767766952966369
asian,11,0.75,0.059141290871560365,2,2026-09-21,2026-09-28,0.21650635094610968,-0.21650635094610968
wait,12,0.7380952380952381,0.24100923814051667,2,2026-09-21,2026-09-28,0.2047107867021679,-0.2047107867021679
buy,16,0.7380952380952381,0.1387070475570828,4,2026-09-07,2026-09-28,0.17901438990776958,-0.17901438990776958
dance,10,0.7380952380952381,0.028273132528758096,2,2026-09-21,2026-09-28,0.22254408766453984,-0.22254408766453984
starting,16,0.7380952380952381,0.24610807278141428,3,2026-09-07,2026-09-21,0.17901438990776958,-0.17901438990776958
green,12,0.7380952380952381,0.24100923814051667,2,2026-09-21,2026-09-28,0.2047107867021679,-0.2047107867021679
humor,15,0.7261904761904762,0.15666455966460022,3,2026-09-14,2026-09-28,0.18154761904761904,-0.18154761904761904
said,13,0.7261904761904762,0.24939525326498152,2,2026-09-14,2026-09-21,0.19408256853164152,-0.19408256853164152
spaces,15,0.7261904761904762,0.19576357780780057,3,2026-08-17,2026-09-28,0.18154761904761904,-0.18154761904761904
face,17,0.7261904761904762,0.33078762232808107,3,2026-08-17,2026-09-21,0.17116473671579127,-0.17116473671579127
features,19,0.7261904761904762,0.19266725824576533,4,2026-08-24,2026-09-28,0.16238112693748472,-0.16238112693748472
runway,15,0.7261904761904762,0.09820564883320129,4,2026-09-07,2026-09-28,0.18154761904761904,-0.18154761904761904
reveals,16,0.7142857142857143,0.258581740871549,2,2026-09-14,2026-09-21,0.17323973216880928,-0.17323973216880928
version,12,0.7142857142857143,0.309958735506241,1,2026-09-21,2026-09-21,0.19810721293758185,-0.19810721293758185
hours,12,0.7142857142857143,0.309958735506241,1,2026-09-21,2026-09-21,0.19810721293758185,-0.19810721293758185
fashion people,12,0.7142857142857143,0.309958735506241,1,2026-09-21,2026-09-21,0.19810721293758185,-0.19810721293758185
popular,12,0.7142857142857143,0.309958735506241,1,2026-09-21,2026-09-21,0.19810721293758185,-0.19810721293758185
olive,12,0.7142857142857143,0.309958735506241,1,2026-09-21,2026-09-21,0.19810721293758185,-0.19810721293758185
open,12,0.7142857142857143,0.309958735506241,1,2026-09-21,2026-09-21,0.19810721293758185,-0.19810721293758185
comeback,32,0.7142857142857143,0.2784638549627866,6,2026-08-17,2026-09-28,0.12434118282549846,-0.12434118282549846
trying,12,0.7142857142857143,0.309958735506241,1,2026-09-21,2026-09-21,0.19810721293758185,-0.19810721293758185
written,12,0.7142857142857143,0.309958735506241,1,2026-09-21,2026-09-21,0.19810721293758185,-0.19810721293758185
comes,12,0.7142857142857143,0.309958735506241,1,2026-09-21,2026-09-21,0.19810721293758185,-0.19810721293758185
weight,12,0.7142857142857143,0.309958735506241,1,2026-09-21,2026-09-21,0.19810721293758185,-0.19810721293758185
noopener target,12,0.7142857142857143,0.309958735506241,1,2026-09-21,2026-09-21,0.19810721293758185,-0.19810721293758185
change,18,0.7142857142857143,0.37502394721236,4,2026-08-17,2026-09-21,0.16386838133611553,-0.16386838133611553
got,15,0.7023809523809523,0.35199457289511116,3,2026-08-17,2026-09-21,0.17559523809523808,-0.17559523809523808
gold,11,0.7023809523809523,0.16286129672634028,2,2026-09-21,2026-09-28,0.20275991596540427,-0.20275991596540427
furniture,15,0.7023809523809523,0.25941481380166004,3,2026-08-17,2026-09-28,0.17559523809523808,-0.17559523809523808
collection,13,0.7023809523809523,0.3143772882973846,2,2026-08-31,2026-09-21,0.18771920562896474,-0.18771920562896474
mensfashion,11,0.7023809523809523,0.059682014632602746,3,2026-09-14,2026-09-28,0.20275991596540427,-0.20275991596540427
help,19,0.7023809523809523,0.2672779368809417,3,2026-08-17,2026-09-21,0.1570571555624852,-0.1570571555624852
artificial,10,0.6904761904761905,0.047567115066333834,2,2026-09-21,2026-09-28,0.2081864045894082,-0.2081864045894082
support,12,0.6904761904761905,0.27677296112209915,2,2026-09-14,2026-09-21,0.1915036391729958,-0.1915036391729958
img src,12,0.6904761904761905,0.27677296112209915,2,2026-09-14,2026-09-21,0.1915036391729958,-0.1915036391729958
iconic,18,0.6904761904761905,0.17017403893561467,3,2026-09-07,2026-09-21,0.158406101958245,-0.158406101958245
let,12,0.6904761904761905,0.27677296112209915,2,2026-09-14,2026-09-21,0.1915036391729958,-0.1915036391729958
amazing,9,0.6785714285714286,0.03405292304468605,2,2026-09-21,2026-09-28,0.21458312693999718,-0.21458312693999718
trendy,15,0.6785714285714286,0.3261697726512267,3,2026-08-17,2026-09-28,0.16964285714285715,-0.16964285714285715
nyc,13,0.6785714285714286,0.28577516975176237,2,2026-09-07,2026-09-21,0.181355842726288,-0.181355842726288
result,11,0.6785714285714286,0.23477235799023863,2,2026-09-21,2026-09-28,0.1958866984750516,-0.1958866984750516
wanted,11,0.6785714285714286,0.23477235799023863,2,2026-09-21,2026-09-28,0.1958866984750516,-0.1958866984750516
bring,15,0.6785714285714286,0.21216278500131278,3,2026-08-24,2026-09-21,0.16964285714285715,-0.16964285714285715
according,25,0.6785714285714286,0.40322968550487936,4,2026-08-10,2026-09-21,0.1330788059866249,-0.1330788059866249
ways,16,0.6666666666666666,0.2507869611250122,3,2026-08-24,2026-09-21,0.16169041669088863,-0.16169041669088863
far,12,0.6666666666666666,0.24462819587126744,2,2026-09-14,2026-09-21,0.1849000654084097,-0.1849000654084097
ready,18,0.6666666666666666,0.2890614837850286,4,2026-08-24,2026-09-21,0.15294382258037448,-0.15294382258037448
blush,12,0.6666666666666666,0.24462819587126744,2,2026-09-14,2026-09-21,0.1849000654084097,-0.1849000654084097
chic,12,0.6666666666666666,0.24462819587126744,2,2026-09-14,2026-09-21,0.1849000654084097,-0.1849000654084097
moon,12,0.6666666666666666,0.24462819587126744,2,2026-09-14,2026-09-21,0.1849000654084097,-0.1849000654084097
office,10,0.6666666666666666,0.08708002253726943,2,2026-09-21,2026-09-28,0.20100756305184242,-0.20100756305184242
shop,12,0.6666666666666666,0.24462819587126744,2,2026-09-14,2026-09-21,0.1849000654084097,-0.1849000654084097
especially,12,0.6666666666666666,0.24462819587126744,2,2026-09-14,2026-09-21,0.1849000654084097,-0.1849000654084097
movement,12,0.6666666666666666,0.17490786899211777,4,2026-09-07,2026-09-28,0.1849000654084097,-0.1849000654084097
started,11,0.6547619047619048,0.309958735506241,1,2026-09-21,2026-09-21,0.18901348098469892,-0.18901348098469892
notes,11,0.6547619047619048,0.309958735506241,1,2026-09-21,2026-09-21,0.18901348098469892,-0.18901348098469892
king,11,0.6547619047619048,0.309958735506241,1,2026-09-21,2026-09-21,0.18901348098469892,-0.18901348098469892
longer,11,0.6547619047619048,0.309958735506241,1,2026-09-21,2026-09-21,0.18901348098469892,-0.18901348098469892
learn,11,0.6547619047619048,0.309958735506241,1,2026-09-21,2026-09-21,0.18901348098469892,-0.18901348098469892
late,11,0.6547619047619048,0.309958735506241,1,2026-09-21,2026-09-21,0.18901348098469892,-0.18901348098469892
took,11,0.6547619047619048,0.309958735506241,1,2026-09-21,2026-09-21,0.18901348098469892,-0.18901348098469892
graphic design,11,0.6547619047619048,0.309958735506241,1,2026-09-21,2026-09-21,0.18901348098469892,-0.18901348098469892
dream,11,0.6547619047619048,0.309958735506241,1,2026-09-21,2026-09-21,0.18901348098469892,-0.18901348098469892
basic,11,0.6547619047619048,0.309958735506241,1,2026-09-21,2026-09-21,0.18901348098469892,-0.18901348098469892
growing,11,0.6547619047619048,0.309958735506241,1,2026-09-21,2026-09-21,0.18901348098469892,-0.18901348098469892
exclusive,15,0.6547619047619048,0.2862224082487125,2,2026-09-14,2026-09-21,0.1636904761904762,-0.1636904761904762
sense,11,0.6547619047619048,0.309958735506241,1,2026-09-21,2026-09-21,0.18901348098469892,-0.18901348098469892
wwd,14,0.6428571428571429,0.28075938792095045,2,2026-09-07,2026-09-21,0.16598500055174645,-0.16598500055174645
spring,18,0.6428571428571429,0.3426799101911867,4,2026-08-10,2026-09-21,0.14748154320250398,-0.14748154320250398
pant,10,0.6428571428571429,0.14954615820326056,2,2026-09-21,2026-09-28,0.19382872151427663,-0.19382872151427663
home decor ideas,8,0.6428571428571429,0.08555889101267325,2,2026-09-21,2026-09-28,0.2142857142857143,-0.2142857142857143
drawing,10,0.6428571428571429,0.14954615820326056,2,2026-09-21,2026-09-28,0.19382872151427663,-0.19382872151427663
reach,11,0.6309523809523809,0.27376975219172,2,2026-09-14,2026-09-21,0.18214026349434623,-0.18214026349434623
film,17,0.6309523809523809,0.3271038526238548,3,2026-08-31,2026-09-21,0.1487169023924088,-0.1487169023924088
night,9,0.6309523809523809,0.03741248410161374,2,2026-09-21,2026-09-28,0.1995246618915763,-0.1995246618915763
figure img src,11,0.6309523809523809,0.27376975219172,2,2026-09-14,2026-09-21,0.18214026349434623,-0.18214026349434623
woman,9,0.6309523809523809,0.03741248410161374,2,2026-09-21,2026-09-28,0.1995246618915763,-0.1995246618915763
stunning,9,0.6309523809523809,0.03741248410161374,2,2026-09-21,2026-09-28,0.1995246618915763,-0.1995246618915763
met,11,0.6309523809523809,0.27376975219172,2,2026-09-14,2026-09-21,0.18214026349434623,-0.18214026349434623
celebrity,13,0.6309523809523809,0.08256313812189943,4,2026-08-31,2026-09-28,0.16862911692093444,-0.16862911692093444
craft,10,0.6190476190476191,0.22731656747148415,2,2026-09-21,2026-09-28,0.18664987997671081,-0.18664987997671081
learned,12,0.6190476190476191,0.33494931540549194,2,2026-08-24,2026-09-21,0.1716929178792376,-0.1716929178792376
gone,12,0.6190476190476191,0.19712843849343942,2,2026-09-14,2026-09-21,0.1716929178792376,-0.1716929178792376
feels,18,0.6190476190476191,0.3668134714976452,4,2026-08-24,2026-09-21,0.14201926382463345,-0.14201926382463345
stories,10,0.6190476190476191,0.22731656747148415,2,2026-09-21,2026-09-28,0.18664987997671081,-0.18664987997671081
description,10,0.6190476190476191,0.22731656747148415,2,2026-09-21,2026-09-28,0.18664987997671081,-0.18664987997671081
statement,10,0.6190476190476191,0.22731656747148415,2,2026-09-21,2026-09-28,0.18664987997671081,-0.18664987997671081
survives,12,0.6190476190476191,0.28437494077632874,2,2026-09-07,2026-09-21,0.1716929178792376,-0.1716929178792376
shorts viral,9,0.6071428571428571,0.07121015977931285,2,2026-09-21,2026-09-28,0.19199542936736586,-0.19199542936736586
stand,10,0.5952380952380952,0.05962312604354511,3,2026-09-14,2026-09-28,0.17947103843914503,-0.17947103843914503
noreferrer noopener,10,0.5952380952380952,0.309958735506241,1,2026-09-21,2026-09-21,0.17947103843914503,-0.17947103843914503
doesn,10,0.5952380952380952,0.309958735506241,1,2026-09-21,2026-09-21,0.17947103843914503,-0.17947103843914503
baggy,10,0.5952380952380952,0.309958735506241,1,2026-09-21,2026-09-21,0.17947103843914503,-0.17947103843914503
feel like,10,0.5952380952380952,0.309958735506241,1,2026-09-21,2026-09-21,0.17947103843914503,-0.17947103843914503
rel noreferrer noopener,10,0.5952380952380952,0.309958735506241,1,2026-09-21,2026-09-21,0.17947103843914503,-0.17947103843914503
forget,14,0.5952380952380952,0.29747405251242554,3,2026-08-10,2026-09-28,0.15368981532569115,-0.15368981532569115
rel noreferrer,10,0.5952380952380952,0.309958735506241,1,2026-09-21,2026-09-21,0.17947103843914503,-0.17947103843914503
goes,10,0.5952380952380952,0.309958735506241,1,2026-09-21,2026-09-21,0.17947103843914503,-0.17947103843914503
asking,10,0.5952380952380952,0.309958735506241,1,2026-09-21,2026-09-21,0.17947103843914503,-0.17947103843914503
read,10,0.5952380952380952,0.309958735506241,1,2026-09-21,2026-09-21,0.17947103843914503,-0.17947103843914503
half,10,0.5952380952380952,0.309958735506241,1,2026-09-21,2026-09-21,0.17947103843914503,-0.17947103843914503
wrote,10,0.5952380952380952,0.309958735506241,1,2026-09-21,2026-09-21,0.17947103843914503,-0.17947103843914503
shared,10,0.5952380952380952,0.309958735506241,1,2026-09-21,2026-09-21,0.17947103843914503,-0.17947103843914503
true,10,0.5952380952380952,0.309958735506241,1,2026-09-21,2026-09-21,0.17947103843914503,-0.17947103843914503
understand,10,0.5952380952380952,0.309958735506241,1,2026-09-21,2026-09-21,0.17947103843914503,-0.17947103843914503
maybe,10,0.5952380952380952,0.309958735506241,1,2026-09-21,2026-09-21,0.17947103843914503,-0.17947103843914503
brand,16,0.5952380952380952,0.3399538385269692,4,2026-08-24,2026-09-21,0.14436644347400773,-0.14436644347400773
color block,8,0.5952380952380952,0.02981167406740911,2,2026-09-21,2026-09-28,0.1984126984126984,-0.1984126984126984
teams,10,0.5952380952380952,0.309958735506241,1,2026-09-21,2026-09-21,0.17947103843914503,-0.17947103843914503
skincare skincareroutine,10,0.5952380952380952,0.309958735506241,1,2026-09-21,2026-09-21,0.17947103843914503,-0.17947103843914503
living room,24,0.5952380952380952,0.4408263835229313,4,2026-08-17,2026-09-28,0.11904761904761904,-0.11904761904761904
interior designers,26,0.5952380952380952,0.309958735506241,4,2026-08-31,2026-09-21,0.11455362483921146,-0.11455362483921146
noreferrer noopener target,10,0.5952380952380952,0.309958735506241,1,2026-09-21,2026-09-21,0.17947103843914503,-0.17947103843914503
non,10,0.5952380952380952,0.309958735506241,1,2026-09-21,2026-09-21,0.17947103843914503,-0.17947103843914503
tells,10,0.5952380952380952,0.309958735506241,1,2026-09-21,2026-09-21,0.17947103843914503,-0.17947103843914503
list,10,0.5952380952380952,0.309958735506241,1,2026-09-21,2026-09-21,0.17947103843914503,-0.17947103843914503
worth,13,0.5833333333333334,0.36567508860319714,2,2026-08-24,2026-09-21,0.1559023911155809,-0.1559023911155809
design trend,11,0.5833333333333334,0.08131215397641119,3,2026-09-14,2026-09-28,0.16839382851364088,-0.16839382851364088
ultimate,9,0.5833333333333334,0.1339745962155613,2,2026-09-21,2026-09-28,0.18446619684315546,-0.18446619684315546
expensive,13,0.5833333333333334,0.36567508860319714,2,2026-08-24,2026-09-21,0.1559023911155809,-0.1559023911155809
drip,12,0.5714285714285714,0.20288444914997822,2,2026-09-14,2026-09-21,0.15848577035006547,-0.15848577035006547
share,8,0.5714285714285714,0.030019745287544416,2,2026-09-21,2026-09-28,0.19047619047619047,-0.19047619047619047
self,10,0.5714285714285714,0.2701788634696839,2,2026-09-14,2026-09-21,0.1722921969015792,-0.1722921969015792
src figure,10,0.5714285714285714,0.2701788634696839,2,2026-09-14,2026-09-21,0.1722921969015792,-0.1722921969015792
right strong,10,0.5714285714285714,0.2701788634696839,2,2026-09-14,2026-09-21,0.1722921969015792,-0.1722921969015792
harper,12,0.5714285714285714,0.3270403581271224,2,2026-08-31,2026-09-21,0.15848577035006547,-0.15848577035006547
goodness right strong,10,0.5714285714285714,0.2701788634696839,2,2026-09-14,2026-09-21,0.1722921969015792,-0.1722921969015792
bazaar,12,0.5714285714285714,0.3270403581271224,2,2026-08-31,2026-09-21,0.15848577035006547,-0.15848577035006547
worst,12,0.5714285714285714,0.20288444914997822,3,2026-09-07,2026-09-21,0.15848577035006547,-0.15848577035006547
harper bazaar,12,0.5714285714285714,0.3270403581271224,2,2026-08-31,2026-09-21,0.15848577035006547,-0.15848577035006547
place,12,0.5714285714285714,0.11526373074898387,3,2026-08-17,2026-09-28,0.15848577035006547,-0.15848577035006547
goodness,10,0.5714285714285714,0.2701788634696839,2,2026-09-14,2026-09-21,0.1722921969015792,-0.1722921969015792
goodness right,10,0.5714285714285714,0.2701788634696839,2,2026-09-14,2026-09-21,0.1722921969015792,-0.1722921969015792
visual,10,0.5714285714285714,0.2701788634696839,2,2026-09-14,2026-09-21,0.1722921969015792,-0.1722921969015792
knit,8,0.5714285714285714,0.030019745287544416,2,2026-09-21,2026-09-28,0.19047619047619047,-0.19047619047619047
end,16,0.5714285714285714,0.42869150723531324,2,2026-08-24,2026-09-21,0.1385917857350474,-0.1385917857350474
img src figure,10,0.5714285714285714,0.2701788634696839,2,2026-09-14,2026-09-21,0.1722921969015792,-0.1722921969015792
slow,10,0.5714285714285714,0.2701788634696839,2,2026-09-14,2026-09-21,0.1722921969015792,-0.1722921969015792
important,10,0.5714285714285714,0.2701788634696839,2,2026-09-14,2026-09-21,0.1722921969015792,-0.1722921969015792
daily,8,0.5714285714285714,0.030019745287544416,2,2026-09-21,2026-09-28,0.19047619047619047,-0.19047619047619047
strong like,10,0.5714285714285714,0.2701788634696839,2,2026-09-14,2026-09-21,0.1722921969015792,-0.1722921969015792
ideas home,8,0.5714285714285714,0.030019745287544416,2,2026-09-21,2026-09-28,0.19047619047619047,-0.19047619047619047
viralshorts,9,0.5595238095238095,0.2182561582119365,2,2026-09-21,2026-09-28,0.17693696431894504,-0.17693696431894504
piece,9,0.5595238095238095,0.2182561582119365,2,2026-09-21,2026-09-28,0.17693696431894504,-0.17693696431894504
writer,11,0.5595238095238095,0.28291511606752584,2,2026-09-07,2026-09-21,0.16152061102328819,-0.16152061102328819
designs,11,0.5595238095238095,0.27512811074305726,3,2026-08-31,2026-09-21,0.16152061102328819,-0.16152061102328819
outdated,11,0.5595238095238095,0.193096494118979,2,2026-09-14,2026-09-21,0.16152061102328819,-0.16152061102328819
instantly,15,0.5595238095238095,0.16588706759832264,4,2026-08-17,2026-09-28,0.13988095238095238,-0.13988095238095238
durgapuja,9,0.5595238095238095,0.2182561582119365,2,2026-09-21,2026-09-28,0.17693696431894504,-0.17693696431894504
short,9,0.5595238095238095,0.0794108307657934,3,2026-09-14,2026-09-28,0.17693696431894504,-0.17693696431894504
spruce,30,0.5476190476190477,0.5602799454070416,4,2026-08-17,2026-09-21,0.0983552844432339,-0.0983552844432339
biggest beauty,10,0.5476190476190477,0.23271920710384628,2,2026-09-14,2026-09-21,0.16511335536401342,-0.16511335536401342
channel,8,0.5476190476190477,0.05519014452714986,2,2026-09-21,2026-09-28,0.18253968253968256,-0.18253968253968256
future,10,0.5476190476190477,0.23271920710384628,2,2026-09-14,2026-09-21,0.16511335536401342,-0.16511335536401342
plus,10,0.5476190476190477,0.23271920710384628,2,2026-09-14,2026-09-21,0.16511335536401342,-0.16511335536401342
web design,10,0.5476190476190477,0.23271920710384628,2,2026-09-14,2026-09-21,0.16511335536401342,-0.16511335536401342
character,11,0.5357142857142857,0.36049834077063814,2,2026-08-17,2026-09-21,0.15464739353293547,-0.15464739353293547
decision,9,0.5357142857142857,0.309958735506241,1,2026-09-21,2026-09-21,0.1694077317947346,-0.1694077317947346
loved,9,0.5357142857142857,0.309958735506241,1,2026-09-21,2026-09-21,0.1694077317947346,-0.1694077317947346
bigger,9,0.5357142857142857,0.309958735506241,1,2026-09-21,2026-09-21,0.1694077317947346,-0.1694077317947346
wants,9,0.5357142857142857,0.309958735506241,1,2026-09-21,2026-09-21,0.1694077317947346,-0.1694077317947346
career,9,0.5357142857142857,0.309958735506241,1,2026-09-21,2026-09-21,0.1694077317947346,-0.1694077317947346
spent,9,0.5357142857142857,0.309958735506241,1,2026-09-21,2026-09-21,0.1694077317947346,-0.1694077317947346
dresses,9,0.5357142857142857,0.309958735506241,1,2026-09-21,2026-09-21,0.1694077317947346,-0.1694077317947346
inside,15,0.5357142857142857,0.4538664496470944,2,2026-08-17,2026-09-21,0.13392857142857142,-0.13392857142857142
durga puja makeup,9,0.5357142857142857,0.309958735506241,1,2026-09-21,2026-09-21,0.1694077317947346,-0.1694077317947346
interiordesign,7,0.5357142857142857,0.04147952013454414,2,2026-09-21,2026-09-28,0.1894036021035395,-0.1894036021035395
including,9,0.5357142857142857,0.309958735506241,1,2026-09-21,2026-09-21,0.1694077317947346,-0.1694077317947346
pair,9,0.5357142857142857,0.309958735506241,1,2026-09-21,2026-09-21,0.1694077317947346,-0.1694077317947346
specific,9,0.5357142857142857,0.309958735506241,1,2026-09-21,2026-09-21,0.1694077317947346,-0.1694077317947346
code,9,0.5357142857142857,0.309958735506241,1,2026-09-21,2026-09-21,0.1694077317947346,-0.1694077317947346
false,9,0.5357142857142857,0.309958735506241,1,2026-09-21,2026-09-21,0.1694077317947346,-0.1694077317947346
process,9,0.5357142857142857,0.309958735506241,1,2026-09-21,2026-09-21,0.1694077317947346,-0.1694077317947346
history,9,0.5357142857142857,0.309958735506241,1,2026-09-21,2026-09-21,0.1694077317947346,-0.1694077317947346
home feel,9,0.5357142857142857,0.309958735506241,1,2026-09-21,2026-09-21,0.1694077317947346,-0.1694077317947346
feeling,13,0.5357142857142857,0.408980326244853,2,2026-08-17,2026-09-21,0.14317566531022735,-0.14317566531022735
puja makeup,9,0.5357142857142857,0.309958735506241,1,2026-09-21,2026-09-21,0.1694077317947346,-0.1694077317947346
watching,9,0.5357142857142857,0.309958735506241,1,2026-09-21,2026-09-21,0.1694077317947346,-0.1694077317947346
mtv,7,0.5357142857142857,0.04147952013454414,2,2026-09-21,2026-09-28,0.1894036021035395,-0.1894036021035395
closet,9,0.5357142857142857,0.309958735506241,1,2026-09-21,2026-09-21,0.1694077317947346,-0.1694077317947346
bed,8,0.5238095238095238,0.1157638299914791,2,2026-09-21,2026-09-28,0.17460317460317462,-0.17460317460317462
inspo,8,0.5238095238095238,0.017087878690393174,3,2026-09-14,2026-09-28,0.17460317460317462,-0.17460317460317462
red,10,0.5238095238095238,0.17962896715692656,3,2026-09-07,2026-09-28,0.15793451382644763,-0.15793451382644763
fashion fashiontiktok streetwear,12,0.5238095238095238,0.2862224082487125,2,2026-09-14,2026-09-21,0.14527862282089335,-0.14527862282089335
fashion fashiontiktok,12,0.5238095238095238,0.2862224082487125,2,2026-09-14,2026-09-21,0.14527862282089335,-0.14527862282089335
fashiontiktok streetwear,12,0.5238095238095238,0.2862224082487125,2,2026-09-14,2026-09-21,0.14527862282089335,-0.14527862282089335
totally,12,0.5238095238095238,0.2862224082487125,2,2026-09-07,2026-09-21,0.14527862282089335,-0.14527862282089335
moments,8,0.5238095238095238,0.1157638299914791,2,2026-09-21,2026-09-28,0.17460317460317462,-0.17460317460317462
clothing,10,0.5238095238095238,0.03892188821486772,4,2026-09-07,2026-09-28,0.15793451382644763,-0.15793451382644763
hard,9,0.5119047619047619,0.26581401328789983,2,2026-09-14,2026-09-21,0.16187849927052417,-0.16187849927052417
strong like goodness,9,0.5119047619047619,0.26581401328789983,2,2026-09-14,2026-09-21,0.16187849927052417,-0.16187849927052417
travel,15,0.5119047619047619,0.42424187092501425,3,2026-08-10,2026-09-21,0.12797619047619047,-0.12797619047619047
decor finds,7,0.5119047619047619,0.0274464805269518,2,2026-09-21,2026-09-28,0.18098566423227105,-0.18098566423227105
like goodness,9,0.5119047619047619,0.26581401328789983,2,2026-09-14,2026-09-21,0.16187849927052417,-0.16187849927052417
videos,11,0.5119047619047619,0.11056466253353939,3,2026-08-17,2026-09-28,0.14777417604258278,-0.14777417604258278
interior design trends,9,0.5119047619047619,0.11811853022617434,3,2026-09-14,2026-09-28,0.16187849927052417,-0.16187849927052417
photo,7,0.5119047619047619,0.0274464805269518,2,2026-09-21,2026-09-28,0.18098566423227105,-0.18098566423227105
like goodness right,9,0.5119047619047619,0.26581401328789983,2,2026-09-14,2026-09-21,0.16187849927052417,-0.16187849927052417
actual,10,0.5,0.3412847064861723,2,2026-08-24,2026-09-21,0.15075567228888181,-0.15075567228888181
tool,10,0.5,0.3412847064861723,2,2026-08-24,2026-09-21,0.15075567228888181,-0.15075567228888181
check,8,0.5,0.20703125,2,2026-09-21,2026-09-28,0.16666666666666666,-0.16666666666666666
kitchen trends,10,0.5,0.2814759619662531,2,2026-09-07,2026-09-21,0.15075567228888181,-0.15075567228888181
existing,8,0.5,0.20703125,2,2026-09-21,2026-09-28,0.16666666666666666,-0.16666666666666666
game,12,0.5,0.33554602764217056,3,2026-08-24,2026-09-21,0.1386750490563073,-0.1386750490563073
cute,6,0.5,0.1339745962155613,1,2026-09-28,2026-09-28,0.1889822365046136,-0.1889822365046136
saw,10,0.5,0.1909416456052113,2,2026-09-14,2026-09-21,0.15075567228888181,-0.15075567228888181
white,8,0.5,0.20703125,2,2026-09-21,2026-09-28,0.16666666666666666,-0.16666666666666666
connection,9,0.4880952380952381,0.2913525828952459,2,2026-09-07,2026-09-21,0.15434926674631375,-0.15434926674631375
expert,11,0.4880952380952381,0.19255435480570643,3,2026-09-07,2026-09-28,0.1409009585522301,-0.1409009585522301
editors,13,0.4880952380952381,0.33175339930287506,2,2026-09-07,2026-09-21,0.1304489395048738,-0.1304489395048738
knit sweater,7,0.4880952380952381,0.04056663635875771,2,2026-09-21,2026-09-28,0.17256772636100265,-0.17256772636100265
nail,13,0.4880952380952381,0.25475908306953965,3,2026-08-24,2026-09-21,0.1304489395048738,-0.1304489395048738
best websites,8,0.47619047619047616,0.309958735506241,1,2026-09-21,2026-09-21,0.15873015873015872,-0.15873015873015872
people wearing,8,0.47619047619047616,0.309958735506241,1,2026-09-21,2026-09-21,0.15873015873015872,-0.15873015873015872
practical,8,0.47619047619047616,0.14584907929459257,3,2026-09-14,2026-09-28,0.15873015873015872,-0.15873015873015872
favorite,8,0.47619047619047616,0.309958735506241,1,2026-09-21,2026-09-21,0.15873015873015872,-0.15873015873015872
fashion people wearing,8,0.47619047619047616,0.309958735506241,1,2026-09-21,2026-09-21,0.15873015873015872,-0.15873015873015872
fine,8,0.47619047619047616,0.309958735506241,1,2026-09-21,2026-09-21,0.15873015873015872,-0.15873015873015872
rich looking,8,0.47619047619047616,0.309958735506241,1,2026-09-21,2026-09-21,0.15873015873015872,-0.15873015873015872
auto,8,0.47619047619047616,0.309958735506241,1,2026-09-21,2026-09-21,0.15873015873015872,-0.15873015873015872
yaaranshort,8,0.47619047619047616,0.309958735506241,1,2026-09-21,2026-09-21,0.15873015873015872,-0.15873015873015872
guide,8,0.47619047619047616,0.309958735506241,1,2026-09-21,2026-09-21,0.15873015873015872,-0.15873015873015872
attention,8,0.47619047619047616,0.309958735506241,1,2026-09-21,2026-09-21,0.15873015873015872,-0.15873015873015872
skincare routine,8,0.47619047619047616,0.309958735506241,1,2026-09-21,2026-09-21,0.15873015873015872,-0.15873015873015872
parisian,8,0.47619047619047616,0.309958735506241,1,2026-09-21,2026-09-21,0.15873015873015872,-0.15873015873015872
define fall wear,8,0.47619047619047616,0.309958735506241,1,2026-09-21,2026-09-21,0.15873015873015872,-0.15873015873015872
pattern,8,0.47619047619047616,0.309958735506241,1,2026-09-21,2026-09-21,0.15873015873015872,-0.15873015873015872
signed,8,0.47619047619047616,0.309958735506241,1,2026-09-21,2026-09-21,0.15873015873015872,-0.15873015873015872
shows,8,0.47619047619047616,0.309958735506241,1,2026-09-21,2026-09-21,0.15873015873015872,-0.15873015873015872
talking,12,0.47619047619047616,0.4205744208588942,2,2026-08-17,2026-09-21,0.13207147529172122,-0.13207147529172122
number,8,0.47619047619047616,0.309958735506241,1,2026-09-21,2026-09-21,0.15873015873015872,-0.15873015873015872
define,12,0.47619047619047616,0.3610643268204814,3,2026-08-24,2026-09-21,0.13207147529172122,-0.13207147529172122
define fall,8,0.47619047619047616,0.309958735506241,1,2026-09-21,2026-09-21,0.15873015873015872,-0.15873015873015872
deals,8,0.47619047619047616,0.309958735506241,1,2026-09-21,2026-09-21,0.15873015873015872,-0.15873015873015872
lives,8,0.47619047619047616,0.309958735506241,1,2026-09-21,2026-09-21,0.15873015873015872,-0.15873015873015872
technology,12,0.47619047619047616,0.4205744208588942,2,2026-09-14,2026-09-21,0.13207147529172122,-0.13207147529172122
created,8,0.47619047619047616,0.309958735506241,1,2026-09-21,2026-09-21,0.15873015873015872,-0.15873015873015872
light,8,0.47619047619047616,0.309958735506241,1,2026-09-21,2026-09-21,0.15873015873015872,-0.15873015873015872
trends define fall,8,0.47619047619047616,0.309958735506241,1,2026-09-21,2026-09-21,0.15873015873015872,-0.15873015873015872
calls,8,0.47619047619047616,0.309958735506241,1,2026-09-21,2026-09-21,0.15873015873015872,-0.15873015873015872
called,8,0.47619047619047616,0.309958735506241,1,2026-09-21,2026-09-21,0.15873015873015872,-0.15873015873015872
urban,12,0.47619047619047616,0.4205744208588942,2,2026-08-17,2026-09-21,0.13207147529172122,-0.13207147529172122
understanding,10,0.47619047619047616,0.17358441416785686,3,2026-09-07,2026-09-21,0.143576830751316,-0.143576830751316
bought,8,0.47619047619047616,0.309958735506241,1,2026-09-21,2026-09-21,0.15873015873015872,-0.15873015873015872
youtube,8,0.47619047619047616,0.309958735506241,1,2026-09-21,2026-09-21,0.15873015873015872,-0.15873015873015872
money,13,0.4642857142857143,0.25818462921163615,3,2026-08-24,2026-09-21,0.12408557660219705,-0.12408557660219705
excited,11,0.4642857142857143,0.2925522430411354,2,2026-09-07,2026-09-21,0.13402774106187743,-0.13402774106187743
easy,17,0.4642857142857143,0.07576924996128047,6,2026-08-17,2026-09-28,0.10943319232648951,-0.10943319232648951
fall winter,7,0.4642857142857143,0.09469767972289411,2,2026-09-21,2026-09-28,0.16414978848973424,-0.16414978848973424
remember,9,0.4642857142857143,0.19712843849343942,2,2026-09-14,2026-09-21,0.14682003422210332,-0.14682003422210332
unit,7,0.4642857142857143,0.09469767972289411,2,2026-09-21,2026-09-28,0.16414978848973424,-0.16414978848973424
approved,10,0.4523809523809524,0.3347667725763387,2,2026-08-31,2026-09-21,0.1363979892137502,-0.1363979892137502
page,8,0.4523809523809524,0.2604047674368853,2,2026-09-14,2026-09-21,0.15079365079365079,-0.15079365079365079
designers say,58,0.4523809523809524,0.673359451536504,6,2026-08-17,2026-09-21,0.05889498353894413,-0.05889498353894413
sneakers,8,0.4523809523809524,0.2604047674368853,2,2026-09-14,2026-09-21,0.15079365079365079,-0.15079365079365079
obsession,10,0.4523809523809524,0.24395471730937487,2,2026-09-14,2026-09-21,0.1363979892137502,-0.1363979892137502
interiors,12,0.4523809523809524,0.2961984315428314,3,2026-08-31,2026-09-28,0.12546790152713516,-0.12546790152713516
magazine,22,0.4523809523809524,0.4703322982735258,4,2026-08-17,2026-09-21,0.09432794921629574,-0.09432794921629574
completely,14,0.4523809523809524,0.4843920918386668,3,2026-08-10,2026-09-21,0.11680425964752526,-0.11680425964752526
aren,8,0.4523809523809524,0.2604047674368853,2,2026-09-14,2026-09-21,0.15079365079365079,-0.15079365079365079
planning,10,0.4523809523809524,0.3347667725763387,2,2026-08-31,2026-09-21,0.1363979892137502,-0.1363979892137502
heels,8,0.4523809523809524,0.2604047674368853,2,2026-09-14,2026-09-21,0.15079365079365079,-0.15079365079365079
home decor idea,6,0.4523809523809524,0.03405292304468605,2,2026-09-21,2026-09-28,0.17098392826607897,-0.17098392826607897
scrolling,8,0.4523809523809524,0.2604047674368853,2,2026-09-14,2026-09-21,0.15079365079365079,-0.15079365079365079
cheap,8,0.4523809523809524,0.2604047674368853,2,2026-09-14,2026-09-21,0.15079365079365079,-0.15079365079365079
wears,10,0.4523809523809524,0.24395471730937487,2,2026-09-14,2026-09-21,0.1363979892137502,-0.1363979892137502
matter,8,0.4523809523809524,0.2604047674368853,2,2026-09-14,2026-09-21,0.15079365079365079,-0.15079365079365079
small apartment,7,0.44047619047619047,0.19280584052157082,2,2026-09-21,2026-09-28,0.1557318506184658,-0.1557318506184658
trends fall,25,0.44047619047619047,0.5943855289829084,3,2026-08-31,2026-09-21,0.08638448809658107,-0.08638448809658107
natural,7,0.44047619047619047,0.19280584052157082,2,2026-09-21,2026-09-28,0.1557318506184658,-0.1557318506184658
designed,7,0.44047619047619047,0.19280584052157082,2,2026-09-21,2026-09-28,0.1557318506184658,-0.1557318506184658
durgapuja makeup,7,0.44047619047619047,0.19280584052157082,2,2026-09-21,2026-09-28,0.1557318506184658,-0.1557318506184658
fall fashion,27,0.44047619047619047,0.5618094083181946,5,2026-08-17,2026-09-28,0.08324217560322265,-0.08324217560322265
shopping,9,0.44047619047619047,0.19280584052157082,2,2026-09-14,2026-09-21,0.13929080169789287,-0.13929080169789287
destination,7,0.44047619047619047,0.19280584052157082,2,2026-09-21,2026-09-28,0.1557318506184658,-0.1557318506184658
look like,11,0.44047619047619047,0.340980898147918,3,2026-08-17,2026-09-28,0.12715452357152474,-0.12715452357152474
durgapuja makeup look,7,0.44047619047619047,0.19280584052157082,2,2026-09-21,2026-09-28,0.1557318506184658,-0.1557318506184658
uses,7,0.44047619047619047,0.19280584052157082,2,2026-09-21,2026-09-28,0.1557318506184658,-0.1557318506184658
viral fashion,7,0.44047619047619047,0.19280584052157082,2,2026-09-21,2026-09-28,0.1557318506184658,-0.1557318506184658
cut,9,0.44047619047619047,0.19280584052157082,2,2026-09-14,2026-09-21,0.13929080169789287,-0.13929080169789287
speed,7,0.44047619047619047,0.03576046731989394,3,2026-09-14,2026-09-28,0.1557318506184658,-0.1557318506184658
zoe,12,0.42857142857142855,0.26256482462045533,3,2026-08-24,2026-09-21,0.1188643277625491,-0.1188643277625491
moving,8,0.42857142857142855,0.2894032248467901,2,2026-09-07,2026-09-21,0.14285714285714285,-0.14285714285714285
biggest beauty trends,8,0.42857142857142855,0.21664763590131172,2,2026-09-14,2026-09-21,0.14285714285714285,-0.14285714285714285
went,8,0.42857142857142855,0.21664763590131172,2,2026-09-14,2026-09-21,0.14285714285714285,-0.14285714285714285
wbms,12,0.42857142857142855,0.5546464232219371,1,2026-09-14,2026-09-14,0.1188643277625491,-0.1188643277625491
low,8,0.42857142857142855,0.21664763590131172,2,2026-09-14,2026-09-21,0.14285714285714285,-0.14285714285714285
micro,12,0.42857142857142855,0.3914300823514173,2,2026-08-31,2026-09-21,0.1188643277625491,-0.1188643277625491
anti blush,8,0.42857142857142855,0.21664763590131172,2,2026-09-14,2026-09-21,0.14285714285714285,-0.14285714285714285
wbms web,12,0.42857142857142855,0.5546464232219371,1,2026-09-14,2026-09-14,0.1188643277625491,-0.1188643277625491
unexpected,8,0.42857142857142855,0.21664763590131172,2,2026-09-14,2026-09-21,0.14285714285714285,-0.14285714285714285
zoe report,12,0.42857142857142855,0.26256482462045533,3,2026-08-24,2026-09-21,0.1188643277625491,-0.1188643277625491
opens,7,0.4166666666666667,0.309958735506241,1,2026-09-21,2026-09-21,0.1473139127471974,-0.1473139127471974
memory,7,0.4166666666666667,0.309958735506241,1,2026-09-21,2026-09-21,0.1473139127471974,-0.1473139127471974
nails,7,0.4166666666666667,0.309958735506241,1,2026-09-21,2026-09-21,0.1473139127471974,-0.1473139127471974
oversized,7,0.4166666666666667,0.309958735506241,1,2026-09-21,2026-09-21,0.1473139127471974,-0.1473139127471974
smart,7,0.4166666666666667,0.309958735506241,1,2026-09-21,2026-09-21,0.1473139127471974,-0.1473139127471974
look durga,7,0.4166666666666667,0.309958735506241,1,2026-09-21,2026-09-21,0.1473139127471974,-0.1473139127471974
wardrobe,11,0.4166666666666667,0.1554481020738691,4,2026-08-24,2026-09-28,0.12028130608117205,-0.12028130608117205
les,7,0.4166666666666667,0.309958735506241,1,2026-09-21,2026-09-21,0.1473139127471974,-0.1473139127471974
professional,7,0.4166666666666667,0.309958735506241,1,2026-09-21,2026-09-21,0.1473139127471974,-0.1473139127471974
quietly,7,0.4166666666666667,0.309958735506241,1,2026-09-21,2026-09-21,0.1473139127471974,-0.1473139127471974
gives,7,0.4166666666666667,0.309958735506241,1,2026-09-21,2026-09-21,0.1473139127471974,-0.1473139127471974
stopped,7,0.4166666666666667,0.309958735506241,1,2026-09-21,2026-09-21,0.1473139127471974,-0.1473139127471974
honest,7,0.4166666666666667,0.309958735506241,1,2026-09-21,2026-09-21,0.1473139127471974,-0.1473139127471974
published,7,0.4166666666666667,0.309958735506241,1,2026-09-21,2026-09-21,0.1473139127471974,-0.1473139127471974
print,7,0.4166666666666667,0.309958735506241,1,2026-09-21,2026-09-21,0.1473139127471974,-0.1473139127471974
happening,7,0.4166666666666667,0.309958735506241,1,2026-09-21,2026-09-21,0.1473139127471974,-0.1473139127471974
names,7,0.4166666666666667,0.309958735506241,1,2026-09-21,2026-09-21,0.1473139127471974,-0.1473139127471974
turning,7,0.4166666666666667,0.309958735506241,1,2026-09-21,2026-09-21,0.1473139127471974,-0.1473139127471974
site,7,0.4166666666666667,0.309958735506241,1,2026-09-21,2026-09-21,0.1473139127471974,-0.1473139127471974
standard,7,0.4166666666666667,0.309958735506241,1,2026-09-21,2026-09-21,0.1473139127471974,-0.1473139127471974
fix,7,0.4166666666666667,0.309958735506241,1,2026-09-21,2026-09-21,0.1473139127471974,-0.1473139127471974
entire,7,0.4166666666666667,0.309958735506241,1,2026-09-21,2026-09-21,0.1473139127471974,-0.1473139127471974
enjoy,7,0.4166666666666667,0.031194614361172716,3,2026-08-31,2026-09-28,0.1473139127471974,-0.1473139127471974
fall biggest,11,0.4166666666666667,0.30366772940535863,3,2026-08-31,2026-09-21,0.12028130608117205,-0.12028130608117205
japanese,7,0.4166666666666667,0.309958735506241,1,2026-09-21,2026-09-21,0.1473139127471974,-0.1473139127471974
working,7,0.4166666666666667,0.309958735506241,1,2026-09-21,2026-09-21,0.1473139127471974,-0.1473139127471974
arrived,7,0.4166666666666667,0.309958735506241,1,2026-09-21,2026-09-21,0.1473139127471974,-0.1473139127471974
artist,7,0.4166666666666667,0.309958735506241,1,2026-09-21,2026-09-21,0.1473139127471974,-0.1473139127471974
knows,7,0.4166666666666667,0.309958735506241,1,2026-09-21,2026-09-21,0.1473139127471974,-0.1473139127471974
shape,7,0.4166666666666667,0.309958735506241,1,2026-09-21,2026-09-21,0.1473139127471974,-0.1473139127471974
models,7,0.4166666666666667,0.309958735506241,1,2026-09-21,2026-09-21,0.1473139127471974,-0.1473139127471974
secret,7,0.4166666666666667,0.309958735506241,1,2026-09-21,2026-09-21,0.1473139127471974,-0.1473139127471974
los,7,0.4166666666666667,0.309958735506241,1,2026-09-21,2026-09-21,0.1473139127471974,-0.1473139127471974
weather,7,0.4166666666666667,0.309958735506241,1,2026-09-21,2026-09-21,0.1473139127471974,-0.1473139127471974
blue,7,0.4166666666666667,0.309958735506241,1,2026-09-21,2026-09-21,0.1473139127471974,-0.1473139127471974
meant,7,0.4166666666666667,0.309958735506241,1,2026-09-21,2026-09-21,0.1473139127471974,-0.1473139127471974
ideas shorts,5,0.4166666666666667,0.13397459621556115,1,2026-09-28,2026-09-28,0.17010345435994295,-0.17010345435994295
newest,7,0.4166666666666667,0.309958735506241,1,2026-09-21,2026-09-21,0.1473139127471974,-0.1473139127471974
making comeback,10,0.40476190476190477,0.24292098896076694,3,2026-08-31,2026-09-21,0.12204030613861862,-0.12204030613861862
makeup trend,10,0.40476190476190477,0.30355746243923676,2,2026-09-07,2026-09-21,0.12204030613861862,-0.12204030613861862
fabric,6,0.40476190476190477,0.07121015977931285,2,2026-09-21,2026-09-28,0.15298562002754434,-0.15298562002754434
fashion stylish,6,0.40476190476190477,0.07121015977931285,2,2026-09-21,2026-09-28,0.15298562002754434,-0.15298562002754434
herald,10,0.40476190476190477,0.24292098896076694,3,2026-08-31,2026-09-21,0.12204030613861862,-0.12204030613861862
better homes,14,0.40476190476190477,0.20680307791225275,4,2026-08-31,2026-09-21,0.10450907442146998,-0.10450907442146998
difference,8,0.40476190476190477,0.1920922346520934,2,2026-09-14,2026-09-21,0.1349206349206349,-0.1349206349206349
changed,10,0.40476190476190477,0.39233364786855773,2,2026-08-24,2026-09-21,0.12204030613861862,-0.12204030613861862
fashion fashiontrends,6,0.40476190476190477,0.07121015977931285,2,2026-09-21,2026-09-28,0.15298562002754434,-0.15298562002754434
fashion beauty,6,0.40476190476190477,0.07121015977931285,2,2026-09-21,2026-09-28,0.15298562002754434,-0.15298562002754434
trends define,10,0.40476190476190477,0.39233364786855773,2,2026-08-24,2026-09-21,0.12204030613861862,-0.12204030613861862
better homes gardens,14,0.40476190476190477,0.20680307791225275,4,2026-08-31,2026-09-21,0.10450907442146998,-0.10450907442146998
stay,8,0.40476190476190477,0.1920922346520934,2,2026-09-14,2026-09-21,0.1349206349206349,-0.1349206349206349
meet,7,0.39285714285714285,0.2535477035890124,2,2026-09-14,2026-09-21,0.13889597487592897,-0.13889597487592897
software,7,0.39285714285714285,0.2535477035890124,2,2026-09-14,2026-09-21,0.13889597487592897,-0.13889597487592897
completed,5,0.39285714285714285,0.06163402155968652,2,2026-09-21,2026-09-28,0.1603832569679462,-0.1603832569679462
deep,7,0.39285714285714285,0.07482868862151053,3,2026-09-14,2026-09-28,0.13889597487592897,-0.13889597487592897
hot,7,0.39285714285714285,0.2535477035890124,2,2026-09-14,2026-09-21,0.13889597487592897,-0.13889597487592897
flower,5,0.39285714285714285,0.06163402155968652,2,2026-09-21,2026-09-28,0.1603832569679462,-0.1603832569679462
possible,7,0.39285714285714285,0.2535477035890124,2,2026-09-14,2026-09-21,0.13889597487592897,-0.13889597487592897
bold,15,0.39285714285714285,0.5177097259590576,3,2026-08-17,2026-09-21,0.09821428571428571,-0.09821428571428571
projects,7,0.39285714285714285,0.2535477035890124,2,2026-09-14,2026-09-21,0.13889597487592897,-0.13889597487592897
unique,7,0.39285714285714285,0.2535477035890124,2,2026-09-14,2026-09-21,0.13889597487592897,-0.13889597487592897
day,11,0.39285714285714285,0.18544612000984753,4,2026-08-24,2026-09-21,0.11340808859081936,-0.11340808859081936
decor items,11,0.39285714285714285,0.24472538032870236,4,2026-08-17,2026-09-28,0.11340808859081936,-0.11340808859081936
straight,7,0.39285714285714285,0.2535477035890124,2,2026-09-14,2026-09-21,0.13889597487592897,-0.13889597487592897
combines,6,0.38095238095238093,0.17430026497795087,2,2026-09-21,2026-09-28,0.14398646590827702,-0.14398646590827702
trend wear,8,0.38095238095238093,0.27965829090465766,2,2026-09-07,2026-09-21,0.12698412698412698,-0.12698412698412698
transforming,8,0.38095238095238093,0.27965829090465766,2,2026-09-07,2026-09-21,0.12698412698412698,-0.12698412698412698
marie claire,8,0.38095238095238093,0.20288444914997816,2,2026-09-14,2026-09-21,0.12698412698412698,-0.12698412698412698
marieclaire,8,0.38095238095238093,0.20288444914997816,2,2026-09-14,2026-09-21,0.12698412698412698,-0.12698412698412698
claire,8,0.38095238095238093,0.20288444914997816,2,2026-09-14,2026-09-21,0.12698412698412698,-0.12698412698412698
located,6,0.38095238095238093,0.17430026497795087,2,2026-09-21,2026-09-28,0.14398646590827702,-0.14398646590827702
marie,8,0.38095238095238093,0.20288444914997816,2,2026-09-14,2026-09-21,0.12698412698412698,-0.12698412698412698
cream,6,0.38095238095238093,0.17430026497795087,2,2026-09-21,2026-09-28,0.14398646590827702,-0.14398646590827702
trends seeing,8,0.38095238095238093,0.27965829090465766,2,2026-09-07,2026-09-21,0.12698412698412698,-0.12698412698412698
coffee,6,0.38095238095238093,0.17430026497795087,2,2026-09-21,2026-09-28,0.14398646590827702,-0.14398646590827702
quiet,8,0.38095238095238093,0.20288444914997816,2,2026-09-14,2026-09-21,0.12698412698412698,-0.12698412698412698
follow,6,0.38095238095238093,0.17430026497795087,2,2026-09-21,2026-09-28,0.14398646590827702,-0.14398646590827702
stylish outfits,6,0.38095238095238093,0.17430026497795087,2,2026-09-21,2026-09-28,0.14398646590827702,-0.14398646590827702
nightmare,8,0.38095238095238093,0.20288444914997816,2,2026-09-14,2026-09-21,0.12698412698412698,-0.12698412698412698
dated,12,0.38095238095238093,0.41585698407248056,3,2026-08-10,2026-09-21,0.10565718023337697,-0.10565718023337697
fashion writer,8,0.38095238095238093,0.27965829090465766,2,2026-09-07,2026-09-21,0.12698412698412698,-0.12698412698412698
explains,8,0.38095238095238093,0.27965829090465766,2,2026-09-07,2026-09-21,0.12698412698412698,-0.12698412698412698
multi,10,0.38095238095238093,0.34868374112420125,3,2026-08-17,2026-09-28,0.1148614646010528,-0.1148614646010528
new york fashion,11,0.36904761904761907,0.4309062260574277,3,2026-09-07,2026-09-21,0.10653487110046667,-0.10653487110046667
days,7,0.36904761904761907,0.20696264946478712,2,2026-09-14,2026-09-21,0.13047803700466054,-0.13047803700466054
major,15,0.36904761904761907,0.30386656761937614,5,2026-08-24,2026-09-21,0.09226190476190477,-0.09226190476190477
york fashion,11,0.36904761904761907,0.4309062260574277,3,2026-09-07,2026-09-21,0.10653487110046667,-0.10653487110046667
winter outfit,5,0.36904761904761907,0.028273132528758096,2,2026-09-21,2026-09-28,0.15066305957594947,-0.15066305957594947
explore,9,0.36904761904761907,0.36127068927269773,3,2026-08-17,2026-09-21,0.11670310412526162,-0.11670310412526162
moves,7,0.36904761904761907,0.20696264946478712,2,2026-09-14,2026-09-21,0.13047803700466054,-0.13047803700466054
york fashion week,11,0.36904761904761907,0.4309062260574277,3,2026-09-07,2026-09-21,0.10653487110046667,-0.10653487110046667
looking perfect,5,0.36904761904761907,0.028273132528758096,2,2026-09-21,2026-09-28,0.15066305957594947,-0.15066305957594947
add,9,0.36904761904761907,0.2870842347323513,3,2026-08-24,2026-09-28,0.11670310412526162,-0.11670310412526162
cozy women,5,0.36904761904761907,0.028273132528758096,2,2026-09-21,2026-09-28,0.15066305957594947,-0.15066305957594947
currently,7,0.36904761904761907,0.20696264946478712,2,2026-09-14,2026-09-21,0.13047803700466054,-0.13047803700466054
reveal,7,0.36904761904761907,0.20696264946478712,2,2026-09-14,2026-09-21,0.13047803700466054,-0.13047803700466054
recreate,7,0.36904761904761907,0.20696264946478712,2,2026-09-14,2026-09-21,0.13047803700466054,-0.13047803700466054
aliexpress,6,0.35714285714285715,0.309958735506241,1,2026-09-21,2026-09-21,0.13498731178900972,-0.13498731178900972
look shorts,6,0.35714285714285715,0.309958735506241,1,2026-09-21,2026-09-21,0.13498731178900972,-0.13498731178900972
link reading collective,6,0.35714285714285715,0.309958735506241,1,2026-09-21,2026-09-21,0.13498731178900972,-0.13498731178900972
store,6,0.35714285714285715,0.309958735506241,1,2026-09-21,2026-09-21,0.13498731178900972,-0.13498731178900972
web developers,10,0.35714285714285715,0.554646423221937,1,2026-09-14,2026-09-14,0.10768262306348701,-0.10768262306348701
strong figure,6,0.35714285714285715,0.309958735506241,1,2026-09-21,2026-09-21,0.13498731178900972,-0.13498731178900972
strong figure img,6,0.35714285714285715,0.309958735506241,1,2026-09-21,2026-09-21,0.13498731178900972,-0.13498731178900972
age,6,0.35714285714285715,0.309958735506241,1,2026-09-21,2026-09-21,0.13498731178900972,-0.13498731178900972
context,6,0.35714285714285715,0.309958735506241,1,2026-09-21,2026-09-21,0.13498731178900972,-0.13498731178900972
tell,6,0.35714285714285715,0.309958735506241,1,2026-09-21,2026-09-21,0.13498731178900972,-0.13498731178900972
numbers,6,0.35714285714285715,0.309958735506241,1,2026-09-21,2026-09-21,0.13498731178900972,-0.13498731178900972
luxury looks,6,0.35714285714285715,0.309958735506241,1,2026-09-21,2026-09-21,0.13498731178900972,-0.13498731178900972
items,14,0.35714285714285715,0.292444920868617,5,2026-08-17,2026-09-28,0.09221388919541469,-0.09221388919541469
medium feed link,6,0.35714285714285715,0.309958735506241,1,2026-09-21,2026-09-21,0.13498731178900972,-0.13498731178900972
knew,6,0.35714285714285715,0.309958735506241,1,2026-09-21,2026-09-21,0.13498731178900972,-0.13498731178900972
predict,14,0.35714285714285715,0.3940307435342466,3,2026-08-31,2026-09-21,0.09221388919541469,-0.09221388919541469
hour,6,0.35714285714285715,0.309958735506241,1,2026-09-21,2026-09-21,0.13498731178900972,-0.13498731178900972
reading collective div,6,0.35714285714285715,0.309958735506241,1,2026-09-21,2026-09-21,0.13498731178900972,-0.13498731178900972
ones,6,0.35714285714285715,0.309958735506241,1,2026-09-21,2026-09-21,0.13498731178900972,-0.13498731178900972
olive green,6,0.35714285714285715,0.309958735506241,1,2026-09-21,2026-09-21,0.13498731178900972,-0.13498731178900972
era,10,0.35714285714285715,0.4538664496470944,2,2026-08-17,2026-09-21,0.10768262306348701,-0.10768262306348701
outfitideas,6,0.35714285714285715,0.309958735506241,1,2026-09-21,2026-09-21,0.13498731178900972,-0.13498731178900972
knowing,6,0.35714285714285715,0.309958735506241,1,2026-09-21,2026-09-21,0.13498731178900972,-0.13498731178900972
sneaker,6,0.35714285714285715,0.309958735506241,1,2026-09-21,2026-09-21,0.13498731178900972,-0.13498731178900972
snippet,6,0.35714285714285715,0.309958735506241,1,2026-09-21,2026-09-21,0.13498731178900972,-0.13498731178900972
link reading,6,0.35714285714285715,0.309958735506241,1,2026-09-21,2026-09-21,0.13498731178900972,-0.13498731178900972
image src,6,0.35714285714285715,0.309958735506241,1,2026-09-21,2026-09-21,0.13498731178900972,-0.13498731178900972
medium feed snippet,6,0.35714285714285715,0.309958735506241,1,2026-09-21,2026-09-21,0.13498731178900972,-0.13498731178900972
image src width,6,0.35714285714285715,0.309958735506241,1,2026-09-21,2026-09-21,0.13498731178900972,-0.13498731178900972
hybrid,6,0.35714285714285715,0.309958735506241,1,2026-09-21,2026-09-21,0.13498731178900972,-0.13498731178900972
luxurious,6,0.35714285714285715,0.309958735506241,1,2026-09-21,2026-09-21,0.13498731178900972,-0.13498731178900972
div class medium,6,0.35714285714285715,0.309958735506241,1,2026-09-21,2026-09-21,0.13498731178900972,-0.13498731178900972
item,6,0.35714285714285715,0.309958735506241,1,2026-09-21,2026-09-21,0.13498731178900972,-0.13498731178900972
originally,6,0.35714285714285715,0.309958735506241,1,2026-09-21,2026-09-21,0.13498731178900972,-0.13498731178900972
reading collective,6,0.35714285714285715,0.309958735506241,1,2026-09-21,2026-09-21,0.13498731178900972,-0.13498731178900972
reality,6,0.35714285714285715,0.309958735506241,1,2026-09-21,2026-09-21,0.13498731178900972,-0.13498731178900972
quite,6,0.35714285714285715,0.309958735506241,1,2026-09-21,2026-09-21,0.13498731178900972,-0.13498731178900972
feed item,6,0.35714285714285715,0.309958735506241,1,2026-09-21,2026-09-21,0.13498731178900972,-0.13498731178900972
item class medium,6,0.35714285714285715,0.309958735506241,1,2026-09-21,2026-09-21,0.13498731178900972,-0.13498731178900972
study,6,0.35714285714285715,0.309958735506241,1,2026-09-21,2026-09-21,0.13498731178900972,-0.13498731178900972
date,6,0.35714285714285715,0.309958735506241,1,2026-09-21,2026-09-21,0.13498731178900972,-0.13498731178900972
item class,6,0.35714285714285715,0.309958735506241,1,2026-09-21,2026-09-21,0.13498731178900972,-0.13498731178900972
renovation,6,0.35714285714285715,0.309958735506241,1,2026-09-21,2026-09-21,0.13498731178900972,-0.13498731178900972
requires,6,0.35714285714285715,0.309958735506241,1,2026-09-21,2026-09-21,0.13498731178900972,-0.13498731178900972
feed image src,6,0.35714285714285715,0.309958735506241,1,2026-09-21,2026-09-21,0.13498731178900972,-0.13498731178900972
feed image,6,0.35714285714285715,0.309958735506241,1,2026-09-21,2026-09-21,0.13498731178900972,-0.13498731178900972
feed item class,6,0.35714285714285715,0.309958735506241,1,2026-09-21,2026-09-21,0.13498731178900972,-0.13498731178900972
creation,6,0.35714285714285715,0.309958735506241,1,2026-09-21,2026-09-21,0.13498731178900972,-0.13498731178900972
deals aliexpress,6,0.35714285714285715,0.309958735506241,1,2026-09-21,2026-09-21,0.13498731178900972,-0.13498731178900972
developers,10,0.35714285714285715,0.554646423221937,1,2026-09-14,2026-09-14,0.10768262306348701,-0.10768262306348701
relationship,6,0.35714285714285715,0.309958735506241,1,2026-09-21,2026-09-21,0.13498731178900972,-0.13498731178900972
presented,6,0.35714285714285715,0.309958735506241,1,2026-09-21,2026-09-21,0.13498731178900972,-0.13498731178900972
glamour,14,0.35714285714285715,0.4702455644802153,3,2026-08-10,2026-09-21,0.09221388919541469,-0.09221388919541469
feed link,6,0.35714285714285715,0.309958735506241,1,2026-09-21,2026-09-21,0.13498731178900972,-0.13498731178900972
feed link reading,6,0.35714285714285715,0.309958735506241,1,2026-09-21,2026-09-21,0.13498731178900972,-0.13498731178900972
feed snippet,6,0.35714285714285715,0.309958735506241,1,2026-09-21,2026-09-21,0.13498731178900972,-0.13498731178900972
felt,6,0.35714285714285715,0.309958735506241,1,2026-09-21,2026-09-21,0.13498731178900972,-0.13498731178900972
sitting,6,0.35714285714285715,0.309958735506241,1,2026-09-21,2026-09-21,0.13498731178900972,-0.13498731178900972
stakes,6,0.35714285714285715,0.309958735506241,1,2026-09-21,2026-09-21,0.13498731178900972,-0.13498731178900972
collective div,6,0.35714285714285715,0.309958735506241,1,2026-09-21,2026-09-21,0.13498731178900972,-0.13498731178900972
tiny apartment,6,0.35714285714285715,0.309958735506241,1,2026-09-21,2026-09-21,0.13498731178900972,-0.13498731178900972
transforms,6,0.35714285714285715,0.309958735506241,1,2026-09-21,2026-09-21,0.13498731178900972,-0.13498731178900972
city,10,0.35714285714285715,0.309958735506241,3,2026-08-10,2026-09-28,0.10768262306348701,-0.10768262306348701
adding,6,0.35714285714285715,0.09413276656581646,3,2026-09-14,2026-09-28,0.13498731178900972,-0.13498731178900972
vice,8,0.35714285714285715,0.258581740871549,2,2026-09-14,2026-09-21,0.11904761904761905,-0.11904761904761905
medium feed item,6,0.35714285714285715,0.309958735506241,1,2026-09-21,2026-09-21,0.13498731178900972,-0.13498731178900972
medium feed image,6,0.35714285714285715,0.309958735506241,1,2026-09-21,2026-09-21,0.13498731178900972,-0.13498731178900972
fall trends,22,0.35714285714285715,0.6368908228073918,3,2026-08-24,2026-09-21,0.07446943359181242,-0.07446943359181242
mean,6,0.35714285714285715,0.309958735506241,1,2026-09-21,2026-09-21,0.13498731178900972,-0.13498731178900972
makeup look shorts,6,0.35714285714285715,0.309958735506241,1,2026-09-21,2026-09-21,0.13498731178900972,-0.13498731178900972
market,6,0.35714285714285715,0.309958735506241,1,2026-09-21,2026-09-21,0.13498731178900972,-0.13498731178900972
based,6,0.35714285714285715,0.309958735506241,1,2026-09-21,2026-09-21,0.13498731178900972,-0.13498731178900972
width class medium,6,0.35714285714285715,0.309958735506241,1,2026-09-21,2026-09-21,0.13498731178900972,-0.13498731178900972
look durga puja,6,0.35714285714285715,0.309958735506241,1,2026-09-21,2026-09-21,0.13498731178900972,-0.13498731178900972
makeup skincare,6,0.35714285714285715,0.309958735506241,1,2026-09-21,2026-09-21,0.13498731178900972,-0.13498731178900972
ability,6,0.35714285714285715,0.309958735506241,1,2026-09-21,2026-09-21,0.13498731178900972,-0.13498731178900972
wbms web developers,10,0.35714285714285715,0.554646423221937,1,2026-09-14,2026-09-14,0.10768262306348701,-0.10768262306348701
boring,6,0.35714285714285715,0.309958735506241,1,2026-09-21,2026-09-21,0.13498731178900972,-0.13498731178900972
brought,6,0.35714285714285715,0.309958735506241,1,2026-09-21,2026-09-21,0.13498731178900972,-0.13498731178900972
asked,9,0.34523809523809523,0.40744053336423325,2,2026-08-24,2026-09-21,0.10917387160105119,-0.10917387160105119
chinese,9,0.34523809523809523,0.24243562592643708,3,2026-08-31,2026-09-28,0.10917387160105119,-0.10917387160105119
choice,5,0.34523809523809523,0.047567115066333834,2,2026-09-21,2026-09-28,0.14094286218395272,-0.14094286218395272
skin care,9,0.34523809523809523,0.40744053336423325,2,2026-08-24,2026-09-21,0.10917387160105119,-0.10917387160105119
shorts viral youtubeshorts,5,0.34523809523809523,0.047567115066333834,2,2026-09-21,2026-09-28,0.14094286218395272,-0.14094286218395272
today,11,0.34523809523809523,0.34707842119261134,3,2026-08-17,2026-09-21,0.09966165361011398,-0.09966165361011398
viral youtubeshorts,5,0.34523809523809523,0.047567115066333834,2,2026-09-21,2026-09-28,0.14094286218395272,-0.14094286218395272
amazon,7,0.34523809523809523,0.13168083251089382,3,2026-09-07,2026-09-28,0.12206009913339212,-0.12206009913339212
hello,7,0.34523809523809523,0.13168083251089382,3,2026-09-07,2026-09-28,0.12206009913339212,-0.12206009913339212
shoe,9,0.34523809523809523,0.1915371763939029,3,2026-09-07,2026-09-21,0.10917387160105119,-0.10917387160105119
perfect fall,8,0.3333333333333333,0.16705323814408526,3,2026-09-07,2026-09-28,0.1111111111111111,-0.1111111111111111
breaks,8,0.3333333333333333,0.333601087148137,3,2026-08-24,2026-09-21,0.1111111111111111,-0.1111111111111111
asian beauty,4,0.3333333333333333,0.1339745962155613,1,2026-09-28,2026-09-28,0.14907119849998596,-0.14907119849998596
asks,6,0.3333333333333333,0.24462819587126744,2,2026-09-14,2026-09-21,0.1259881576697424,-0.1259881576697424
asian beauty trends,4,0.3333333333333333,0.1339745962155613,1,2026-09-28,2026-09-28,0.14907119849998596,-0.14907119849998596
colors,6,0.3333333333333333,0.24462819587126744,2,2026-09-14,2026-09-21,0.1259881576697424,-0.1259881576697424
src figure div,6,0.3333333333333333,0.24462819587126744,2,2026-09-14,2026-09-21,0.1259881576697424,-0.1259881576697424
rise,6,0.3333333333333333,0.24462819587126744,2,2026-09-14,2026-09-21,0.1259881576697424,-0.1259881576697424
romantic,6,0.3333333333333333,0.24462819587126744,2,2026-09-14,2026-09-21,0.1259881576697424,-0.1259881576697424
push,6,0.3333333333333333,0.24462819587126744,2,2026-09-14,2026-09-21,0.1259881576697424,-0.1259881576697424
friendly,4,0.3333333333333333,0.1339745962155613,1,2026-09-28,2026-09-28,0.14907119849998596,-0.14907119849998596
won,8,0.3333333333333333,0.35054072487259164,2,2026-08-31,2026-09-21,0.1111111111111111,-0.1111111111111111
make home,8,0.3333333333333333,0.16705323814408526,3,2026-08-24,2026-09-28,0.1111111111111111,-0.1111111111111111
figure div,6,0.3333333333333333,0.24462819587126744,2,2026-09-14,2026-09-21,0.1259881576697424,-0.1259881576697424
div figure,6,0.3333333333333333,0.24462819587126744,2,2026-09-14,2026-09-21,0.1259881576697424,-0.1259881576697424
div figure img,6,0.3333333333333333,0.24462819587126744,2,2026-09-14,2026-09-21,0.1259881576697424,-0.1259881576697424
experiences,8,0.3333333333333333,0.16705323814408526,3,2026-09-07,2026-09-21,0.1111111111111111,-0.1111111111111111
month,12,0.3333333333333333,0.47100295211035503,4,2026-08-10,2026-09-21,0.09245003270420485,-0.09245003270420485
streetwear fashiontiktok,8,0.3333333333333333,0.35054072487259164,2,2026-09-14,2026-09-21,0.1111111111111111,-0.1111111111111111
looking beautiful,4,0.3333333333333333,0.1339745962155613,1,2026-09-28,2026-09-28,0.14907119849998596,-0.14907119849998596
notice,8,0.3333333333333333,0.22531515144328965,4,2026-08-10,2026-09-28,0.1111111111111111,-0.1111111111111111
real simple,32,0.3333333333333333,0.6397194144743475,6,2026-08-10,2026-09-21,0.058025885318565944,-0.058025885318565944
creams,8,0.3333333333333333,0.35054072487259164,2,2026-09-14,2026-09-21,0.1111111111111111,-0.1111111111111111
prompts,6,0.3333333333333333,0.24462819587126744,2,2026-09-14,2026-09-21,0.1259881576697424,-0.1259881576697424
began,6,0.3333333333333333,0.24462819587126744,2,2026-09-14,2026-09-21,0.1259881576697424,-0.1259881576697424
everyday,5,0.32142857142857145,0.14954615820326056,2,2026-09-21,2026-09-28,0.131222664791956,-0.131222664791956
adds,5,0.32142857142857145,0.14954615820326056,2,2026-09-21,2026-09-28,0.131222664791956,-0.131222664791956
century,5,0.32142857142857145,0.14954615820326056,2,2026-09-21,2026-09-28,0.131222664791956,-0.131222664791956
china,5,0.32142857142857145,0.14954615820326056,2,2026-09-21,2026-09-28,0.131222664791956,-0.131222664791956
tour,5,0.32142857142857145,0.14954615820326056,2,2026-09-21,2026-09-28,0.131222664791956,-0.131222664791956
fashion week street,7,0.32142857142857145,0.28075938792095045,2,2026-09-07,2026-09-21,0.1136421612621237,-0.1136421612621237
identity,7,0.32142857142857145,0.3601622568513004,2,2026-08-24,2026-09-21,0.1136421612621237,-0.1136421612621237
decorating ideas,5,0.32142857142857145,0.14954615820326056,2,2026-09-21,2026-09-28,0.131222664791956,-0.131222664791956
rock,7,0.32142857142857145,0.22926866128170448,2,2026-09-14,2026-09-21,0.1136421612621237,-0.1136421612621237
business beauty,7,0.32142857142857145,0.3601622568513004,2,2026-08-24,2026-09-21,0.1136421612621237,-0.1136421612621237
trousers,5,0.32142857142857145,0.14954615820326056,2,2026-09-21,2026-09-28,0.131222664791956,-0.131222664791956
setup,5,0.32142857142857145,0.14954615820326056,2,2026-09-21,2026-09-28,0.131222664791956,-0.131222664791956
alternative,7,0.32142857142857145,0.22926866128170448,2,2026-09-14,2026-09-21,0.1136421612621237,-0.1136421612621237
area,5,0.32142857142857145,0.14954615820326056,2,2026-09-21,2026-09-28,0.131222664791956,-0.131222664791956
talk,7,0.32142857142857145,0.3601622568513004,2,2026-08-24,2026-09-21,0.1136421612621237,-0.1136421612621237
reads,7,0.32142857142857145,0.3601622568513004,2,2026-08-24,2026-09-21,0.1136421612621237,-0.1136421612621237
week street style,7,0.32142857142857145,0.28075938792095045,2,2026-09-07,2026-09-21,0.1136421612621237,-0.1136421612621237
ytshorts,5,0.32142857142857145,0.14954615820326056,2,2026-09-21,2026-09-28,0.131222664791956,-0.131222664791956
week street,7,0.32142857142857145,0.28075938792095045,2,2026-09-07,2026-09-21,0.1136421612621237,-0.1136421612621237
live,15,0.32142857142857145,0.41862084410805045,5,2026-08-17,2026-09-28,0.08035714285714286,-0.08035714285714286
leather,5,0.32142857142857145,0.14954615820326056,2,2026-09-21,2026-09-28,0.131222664791956,-0.131222664791956
wasn,7,0.32142857142857145,0.22926866128170448,2,2026-09-14,2026-09-21,0.1136421612621237,-0.1136421612621237
visible,6,0.30952380952380953,0.28437494077632874,2,2026-09-07,2026-09-21,0.11698900355047509,-0.11698900355047509
finish,6,0.30952380952380953,0.0805122535908809,3,2026-09-14,2026-09-28,0.11698900355047509,-0.11698900355047509
house beautiful,38,0.30952380952380953,0.7263795049496489,5,2026-08-17,2026-09-21,0.04956347617776507,-0.04956347617776507
designing,6,0.30952380952380953,0.28437494077632874,2,2026-09-07,2026-09-21,0.11698900355047509,-0.11698900355047509
argues,5,0.2976190476190476,0.309958735506241,1,2026-09-21,2026-09-21,0.12150246739995924,-0.12150246739995924
sit,5,0.2976190476190476,0.309958735506241,1,2026-09-21,2026-09-21,0.12150246739995924,-0.12150246739995924
getting,5,0.2976190476190476,0.309958735506241,1,2026-09-21,2026-09-21,0.12150246739995924,-0.12150246739995924
responding,5,0.2976190476190476,0.309958735506241,1,2026-09-21,2026-09-21,0.12150246739995924,-0.12150246739995924
rarely,9,0.2976190476190476,0.3995391418492057,3,2026-08-24,2026-09-21,0.09411540655263033,-0.09411540655263033
graphicdesign,5,0.2976190476190476,0.309958735506241,1,2026-09-21,2026-09-21,0.12150246739995924,-0.12150246739995924
type,7,0.2976190476190476,0.3995391418492057,2,2026-08-17,2026-09-21,0.10522422339085528,-0.10522422339085528
cover,5,0.2976190476190476,0.309958735506241,1,2026-09-21,2026-09-21,0.12150246739995924,-0.12150246739995924
long time,5,0.2976190476190476,0.309958735506241,1,2026-09-21,2026-09-21,0.12150246739995924,-0.12150246739995924
bit,5,0.2976190476190476,0.05962312604354511,3,2026-08-31,2026-09-28,0.12150246739995924,-0.12150246739995924
colour,7,0.2976190476190476,0.12777731912390256,3,2026-08-24,2026-09-28,0.10522422339085528,-0.10522422339085528
animal,5,0.2976190476190476,0.309958735506241,1,2026-09-21,2026-09-21,0.12150246739995924,-0.12150246739995924
agree,13,0.2976190476190476,0.33315066007460764,4,2026-08-24,2026-09-21,0.07954203628345964,-0.07954203628345964
ends,5,0.2976190476190476,0.309958735506241,1,2026-09-21,2026-09-21,0.12150246739995924,-0.12150246739995924
kept,5,0.2976190476190476,0.309958735506241,1,2026-09-21,2026-09-21,0.12150246739995924,-0.12150246739995924
complete,5,0.2976190476190476,0.309958735506241,1,2026-09-21,2026-09-21,0.12150246739995924,-0.12150246739995924
companies,5,0.2976190476190476,0.309958735506241,1,2026-09-21,2026-09-21,0.12150246739995924,-0.12150246739995924
able,5,0.2976190476190476,0.309958735506241,1,2026-09-21,2026-09-21,0.12150246739995924,-0.12150246739995924
structure,5,0.2976190476190476,0.309958735506241,1,2026-09-21,2026-09-21,0.12150246739995924,-0.12150246739995924
community,5,0.2976190476190476,0.309958735506241,1,2026-09-21,2026-09-21,0.12150246739995924,-0.12150246739995924
strong strong like,5,0.2976190476190476,0.309958735506241,1,2026-09-21,2026-09-21,0.12150246739995924,-0.12150246739995924
mid,5,0.2976190476190476,0.309958735506241,1,2026-09-21,2026-09-21,0.12150246739995924,-0.12150246739995924
near,5,0.2976190476190476,0.309958735506241,1,2026-09-21,2026-09-21,0.12150246739995924,-0.12150246739995924
experiment,5,0.2976190476190476,0.309958735506241,1,2026-09-21,2026-09-21,0.12150246739995924,-0.12150246739995924
millions,5,0.2976190476190476,0.309958735506241,1,2026-09-21,2026-09-21,0.12150246739995924,-0.12150246739995924
nature,5,0.2976190476190476,0.309958735506241,1,2026-09-21,2026-09-21,0.12150246739995924,-0.12150246739995924
released,5,0.2976190476190476,0.309958735506241,1,2026-09-21,2026-09-21,0.12150246739995924,-0.12150246739995924
silhouette,5,0.2976190476190476,0.309958735506241,1,2026-09-21,2026-09-21,0.12150246739995924,-0.12150246739995924
dead,5,0.2976190476190476,0.309958735506241,1,2026-09-21,2026-09-21,0.12150246739995924,-0.12150246739995924
truth,5,0.2976190476190476,0.309958735506241,1,2026-09-21,2026-09-21,0.12150246739995924,-0.12150246739995924
bright,4,0.2857142857142857,0.030019745287544416,2,2026-09-21,2026-09-28,0.12777531299998796,-0.12777531299998796
upgrade,4,0.2857142857142857,0.030019745287544416,2,2026-09-21,2026-09-28,0.12777531299998796,-0.12777531299998796
women knit,4,0.2857142857142857,0.030019745287544416,2,2026-09-21,2026-09-28,0.12777531299998796,-0.12777531299998796
block design,4,0.2857142857142857,0.030019745287544416,2,2026-09-21,2026-09-28,0.12777531299998796,-0.12777531299998796
viral makeup,6,0.2857142857142857,0.11526373074898387,3,2026-09-07,2026-09-28,0.10798984943120776,-0.10798984943120776
block design soft,4,0.2857142857142857,0.030019745287544416,2,2026-09-21,2026-09-28,0.12777531299998796,-0.12777531299998796
design soft,4,0.2857142857142857,0.030019745287544416,2,2026-09-21,2026-09-28,0.12777531299998796,-0.12777531299998796
cozy women knit,4,0.2857142857142857,0.030019745287544416,2,2026-09-21,2026-09-28,0.12777531299998796,-0.12777531299998796
color block design,4,0.2857142857142857,0.030019745287544416,2,2026-09-21,2026-09-28,0.12777531299998796,-0.12777531299998796
features stylish color,4,0.2857142857142857,0.030019745287544416,2,2026-09-21,2026-09-28,0.12777531299998796,-0.12777531299998796
features stylish,4,0.2857142857142857,0.030019745287544416,2,2026-09-21,2026-09-28,0.12777531299998796,-0.12777531299998796
usa,8,0.2857142857142857,0.24806639218090287,3,2026-08-17,2026-09-28,0.09523809523809523,-0.09523809523809523
cosmetics,8,0.2857142857142857,0.42869150723531324,2,2026-08-24,2026-09-21,0.09523809523809523,-0.09523809523809523
sweater features stylish,4,0.2857142857142857,0.030019745287544416,2,2026-09-21,2026-09-28,0.12777531299998796,-0.12777531299998796
ick,8,0.2857142857142857,0.3559176837495822,2,2026-09-07,2026-09-21,0.09523809523809523,-0.09523809523809523
overdone,8,0.2857142857142857,0.3559176837495822,2,2026-09-07,2026-09-21,0.09523809523809523,-0.09523809523809523
knit sweater features,4,0.2857142857142857,0.030019745287544416,2,2026-09-21,2026-09-28,0.12777531299998796,-0.12777531299998796
foryou,4,0.2857142857142857,0.030019745287544416,2,2026-09-21,2026-09-28,0.12777531299998796,-0.12777531299998796
changes,10,0.2857142857142857,0.4085858120970086,4,2026-08-17,2026-09-28,0.0861460984507896,-0.0861460984507896
fall winter outfit,4,0.2857142857142857,0.030019745287544416,2,2026-09-21,2026-09-28,0.12777531299998796,-0.12777531299998796
design soft fabric,4,0.2857142857142857,0.030019745287544416,2,2026-09-21,2026-09-28,0.12777531299998796,-0.12777531299998796
women knit sweater,4,0.2857142857142857,0.030019745287544416,2,2026-09-21,2026-09-28,0.12777531299998796,-0.12777531299998796
predict trends,8,0.2857142857142857,0.3559176837495822,2,2026-09-07,2026-09-21,0.09523809523809523,-0.09523809523809523
perfect fall winter,4,0.2857142857142857,0.030019745287544416,2,2026-09-21,2026-09-28,0.12777531299998796,-0.12777531299998796
opening,6,0.2857142857142857,0.20288444914997822,3,2026-08-24,2026-09-28,0.10798984943120776,-0.10798984943120776
outfit cozy women,4,0.2857142857142857,0.030019745287544416,2,2026-09-21,2026-09-28,0.12777531299998796,-0.12777531299998796
outfit cozy,4,0.2857142857142857,0.030019745287544416,2,2026-09-21,2026-09-28,0.12777531299998796,-0.12777531299998796
exclusive people,8,0.2857142857142857,0.5546464232219371,1,2026-09-14,2026-09-14,0.09523809523809523,-0.09523809523809523
winter outfit cozy,4,0.2857142857142857,0.030019745287544416,2,2026-09-21,2026-09-28,0.12777531299998796,-0.12777531299998796
cool girl,8,0.2857142857142857,0.42869150723531324,2,2026-08-24,2026-09-21,0.09523809523809523,-0.09523809523809523
sweater features,4,0.2857142857142857,0.030019745287544416,2,2026-09-21,2026-09-28,0.12777531299998796,-0.12777531299998796
soft fabric,4,0.2857142857142857,0.030019745287544416,2,2026-09-21,2026-09-28,0.12777531299998796,-0.12777531299998796
alternatives,8,0.2857142857142857,0.3559176837495822,2,2026-09-07,2026-09-21,0.09523809523809523,-0.09523809523809523
stylish color block,4,0.2857142857142857,0.030019745287544416,2,2026-09-21,2026-09-28,0.12777531299998796,-0.12777531299998796
stylish color,4,0.2857142857142857,0.030019745287544416,2,2026-09-21,2026-09-28,0.12777531299998796,-0.12777531299998796
know fall,8,0.2857142857142857,0.5546464232219371,1,2026-09-14,2026-09-14,0.09523809523809523,-0.09523809523809523
looking perfect fall,4,0.2857142857142857,0.030019745287544416,2,2026-09-21,2026-09-28,0.12777531299998796,-0.12777531299998796
fresh,5,0.27380952380952384,0.03892838481645496,3,2026-09-14,2026-09-28,0.11178227000796251,-0.11178227000796251
head,5,0.27380952380952384,0.23271920710384628,2,2026-09-14,2026-09-21,0.11178227000796251,-0.11178227000796251
classic,7,0.27380952380952384,0.4406809893620101,2,2026-08-10,2026-09-21,0.09680628551958687,-0.09680628551958687
warm,9,0.27380952380952384,0.36554796896823943,3,2026-08-31,2026-09-28,0.08658617402841991,-0.08658617402841991
showcase,5,0.27380952380952384,0.03892838481645496,3,2026-09-14,2026-09-28,0.11178227000796251,-0.11178227000796251
journey,5,0.27380952380952384,0.23271920710384628,2,2026-09-14,2026-09-21,0.11178227000796251,-0.11178227000796251
hold,5,0.27380952380952384,0.23271920710384628,2,2026-09-14,2026-09-21,0.11178227000796251,-0.11178227000796251
materials,4,0.2619047619047619,0.1157638299914791,2,2026-09-21,2026-09-28,0.11712737024998898,-0.11712737024998898
rest,4,0.2619047619047619,0.1157638299914791,2,2026-09-21,2026-09-28,0.11712737024998898,-0.11712737024998898
shortvideo,4,0.2619047619047619,0.1157638299914791,2,2026-09-21,2026-09-28,0.11712737024998898,-0.11712737024998898
trend making,10,0.2619047619047619,0.3951809416398381,3,2026-08-31,2026-09-21,0.07896725691322382,-0.07896725691322382
fashion trend making,10,0.2619047619047619,0.3951809416398381,3,2026-08-31,2026-09-21,0.07896725691322382,-0.07896725691322382
shorts fashion,4,0.2619047619047619,0.1157638299914791,2,2026-09-21,2026-09-28,0.11712737024998898,-0.11712737024998898
fortune,6,0.2619047619047619,0.2862224082487125,2,2026-09-14,2026-09-21,0.09899069531194046,-0.09899069531194046
button,6,0.2619047619047619,0.2862224082487125,2,2026-09-07,2026-09-21,0.09899069531194046,-0.09899069531194046
shaped,5,0.25,0.2814759619662531,2,2026-09-07,2026-09-21,0.10206207261596577,-0.10206207261596577
leisure,9,0.25,0.4117556275053611,3,2026-08-24,2026-09-21,0.07905694150420949,-0.07905694150420949
common,9,0.25,0.48348078692565283,2,2026-08-31,2026-09-21,0.07905694150420949,-0.07905694150420949
particularly,5,0.25,0.1909416456052113,2,2026-09-14,2026-09-21,0.10206207261596577,-0.10206207261596577
feels like,7,0.25,0.30010222097631156,3,2026-08-31,2026-09-21,0.08838834764831843,-0.08838834764831843
southern,25,0.25,0.7339987773121908,4,2026-08-10,2026-09-21,0.04902903378454601,-0.04902903378454601
test,5,0.25,0.2814759619662531,2,2026-09-07,2026-09-21,0.10206207261596577,-0.10206207261596577
wear suddenly,4,0.23809523809523808,0.309958735506241,1,2026-09-21,2026-09-21,0.10647942749998997,-0.10647942749998997
yaaranshort destination,4,0.23809523809523808,0.309958735506241,1,2026-09-21,2026-09-21,0.10647942749998997,-0.10647942749998997
yaaranshort destination premium,4,0.23809523809523808,0.309958735506241,1,2026-09-21,2026-09-21,0.10647942749998997,-0.10647942749998997
alt height src,4,0.23809523809523808,0.309958735506241,1,2026-09-21,2026-09-21,0.10647942749998997,-0.10647942749998997
material,4,0.23809523809523808,0.309958735506241,1,2026-09-21,2026-09-21,0.10647942749998997,-0.10647942749998997
looks modern style,4,0.23809523809523808,0.309958735506241,1,2026-09-21,2026-09-21,0.10647942749998997,-0.10647942749998997
looks modern,4,0.23809523809523808,0.309958735506241,1,2026-09-21,2026-09-21,0.10647942749998997,-0.10647942749998997
thinks,12,0.23809523809523808,0.5498991735050216,3,2026-08-24,2026-09-21,0.06603573764586061,-0.06603573764586061
taken,4,0.23809523809523808,0.309958735506241,1,2026-09-21,2026-09-21,0.10647942749998997,-0.10647942749998997
continuing,4,0.23809523809523808,0.309958735506241,1,2026-09-21,2026-09-21,0.10647942749998997,-0.10647942749998997
cosmopolitan,16,0.23809523809523808,0.624200312245331,3,2026-08-31,2026-09-21,0.057746577389603086,-0.057746577389603086
conversation highlighting,4,0.23809523809523808,0.309958735506241,1,2026-09-21,2026-09-21,0.10647942749998997,-0.10647942749998997
conversation highlighting responding,4,0.23809523809523808,0.309958735506241,1,2026-09-21,2026-09-21,0.10647942749998997,-0.10647942749998997
continuing conversation,4,0.23809523809523808,0.309958735506241,1,2026-09-21,2026-09-21,0.10647942749998997,-0.10647942749998997
continuing conversation highlighting,4,0.23809523809523808,0.309958735506241,1,2026-09-21,2026-09-21,0.10647942749998997,-0.10647942749998997
alt height,4,0.23809523809523808,0.309958735506241,1,2026-09-21,2026-09-21,0.10647942749998997,-0.10647942749998997
ago,4,0.23809523809523808,0.309958735506241,1,2026-09-21,2026-09-21,0.10647942749998997,-0.10647942749998997
using,8,0.23809523809523808,0.5133549907027151,2,2026-08-17,2026-09-21,0.07936507936507936,-0.07936507936507936
episode,4,0.23809523809523808,0.309958735506241,1,2026-09-21,2026-09-21,0.10647942749998997,-0.10647942749998997
serves,4,0.23809523809523808,0.309958735506241,1,2026-09-21,2026-09-21,0.10647942749998997,-0.10647942749998997
seriously,4,0.23809523809523808,0.309958735506241,1,2026-09-21,2026-09-21,0.10647942749998997,-0.10647942749998997
fashion stylish outfits,4,0.23809523809523808,0.309958735506241,1,2026-09-21,2026-09-21,0.10647942749998997,-0.10647942749998997
screens,4,0.23809523809523808,0.309958735506241,1,2026-09-21,2026-09-21,0.10647942749998997,-0.10647942749998997
collective medium people,4,0.23809523809523808,0.309958735506241,1,2026-09-21,2026-09-21,0.10647942749998997,-0.10647942749998997
collective medium,4,0.23809523809523808,0.309958735506241,1,2026-09-21,2026-09-21,0.10647942749998997,-0.10647942749998997
resources,4,0.23809523809523808,0.309958735506241,1,2026-09-21,2026-09-21,0.10647942749998997,-0.10647942749998997
protect,4,0.23809523809523808,0.309958735506241,1,2026-09-21,2026-09-21,0.10647942749998997,-0.10647942749998997
premium fashion stylish,4,0.23809523809523808,0.309958735506241,1,2026-09-21,2026-09-21,0.10647942749998997,-0.10647942749998997
published collective,4,0.23809523809523808,0.309958735506241,1,2026-09-21,2026-09-21,0.10647942749998997,-0.10647942749998997
published collective medium,4,0.23809523809523808,0.309958735506241,1,2026-09-21,2026-09-21,0.10647942749998997,-0.10647942749998997
premium fashion,4,0.23809523809523808,0.309958735506241,1,2026-09-21,2026-09-21,0.10647942749998997,-0.10647942749998997
responding story,4,0.23809523809523808,0.309958735506241,1,2026-09-21,2026-09-21,0.10647942749998997,-0.10647942749998997
global,6,0.23809523809523808,0.20637138322918364,3,2026-08-31,2026-09-28,0.08999154119267314,-0.08999154119267314
glass skin,8,0.23809523809523808,0.5133549907027151,2,2026-09-07,2026-09-14,0.07936507936507936,-0.07936507936507936
destination premium fashion,4,0.23809523809523808,0.309958735506241,1,2026-09-21,2026-09-21,0.10647942749998997,-0.10647942749998997
elle fashion,4,0.23809523809523808,0.309958735506241,1,2026-09-21,2026-09-21,0.10647942749998997,-0.10647942749998997
decades,4,0.23809523809523808,0.309958735506241,1,2026-09-21,2026-09-21,0.10647942749998997,-0.10647942749998997
sure,4,0.23809523809523808,0.309958735506241,1,2026-09-21,2026-09-21,0.10647942749998997,-0.10647942749998997
destination premium,4,0.23809523809523808,0.309958735506241,1,2026-09-21,2026-09-21,0.10647942749998997,-0.10647942749998997
people continuing,4,0.23809523809523808,0.309958735506241,1,2026-09-21,2026-09-21,0.10647942749998997,-0.10647942749998997
style trends,8,0.23809523809523808,0.3452553199103343,3,2026-09-07,2026-09-21,0.07936507936507936,-0.07936507936507936
people strong,4,0.23809523809523808,0.309958735506241,1,2026-09-21,2026-09-21,0.10647942749998997,-0.10647942749998997
people continuing conversation,4,0.23809523809523808,0.309958735506241,1,2026-09-21,2026-09-21,0.10647942749998997,-0.10647942749998997
outfits streetwear,4,0.23809523809523808,0.309958735506241,1,2026-09-21,2026-09-21,0.10647942749998997,-0.10647942749998997
ootd,4,0.23809523809523808,0.024943223294391595,3,2026-09-14,2026-09-28,0.10647942749998997,-0.10647942749998997
opened,4,0.23809523809523808,0.309958735506241,1,2026-09-21,2026-09-21,0.10647942749998997,-0.10647942749998997
celebrate,4,0.23809523809523808,0.309958735506241,1,2026-09-21,2026-09-21,0.10647942749998997,-0.10647942749998997
premise,4,0.23809523809523808,0.309958735506241,1,2026-09-21,2026-09-21,0.10647942749998997,-0.10647942749998997
highlights,4,0.23809523809523808,0.024943223294391595,3,2026-09-14,2026-09-28,0.10647942749998997,-0.10647942749998997
highlighting responding,4,0.23809523809523808,0.309958735506241,1,2026-09-21,2026-09-21,0.10647942749998997,-0.10647942749998997
highlighting,4,0.23809523809523808,0.309958735506241,1,2026-09-21,2026-09-21,0.10647942749998997,-0.10647942749998997
highlighting responding story,4,0.23809523809523808,0.309958735506241,1,2026-09-21,2026-09-21,0.10647942749998997,-0.10647942749998997
parents,4,0.23809523809523808,0.309958735506241,1,2026-09-21,2026-09-21,0.10647942749998997,-0.10647942749998997
news,16,0.23809523809523808,0.5960081940655246,4,2026-08-17,2026-09-28,0.057746577389603086,-0.057746577389603086
outfits streetwear luxury,4,0.23809523809523808,0.309958735506241,1,2026-09-21,2026-09-21,0.10647942749998997,-0.10647942749998997
husband,4,0.23809523809523808,0.309958735506241,1,2026-09-21,2026-09-21,0.10647942749998997,-0.10647942749998997
originally published,4,0.23809523809523808,0.309958735506241,1,2026-09-21,2026-09-21,0.10647942749998997,-0.10647942749998997
originally published collective,4,0.23809523809523808,0.309958735506241,1,2026-09-21,2026-09-21,0.10647942749998997,-0.10647942749998997
mix,4,0.23809523809523808,0.309958735506241,1,2026-09-21,2026-09-21,0.10647942749998997,-0.10647942749998997
modern style,4,0.23809523809523808,0.309958735506241,1,2026-09-21,2026-09-21,0.10647942749998997,-0.10647942749998997
moved,4,0.23809523809523808,0.309958735506241,1,2026-09-21,2026-09-21,0.10647942749998997,-0.10647942749998997
medium people,4,0.23809523809523808,0.309958735506241,1,2026-09-21,2026-09-21,0.10647942749998997,-0.10647942749998997
medium people continuing,4,0.23809523809523808,0.309958735506241,1,2026-09-21,2026-09-21,0.10647942749998997,-0.10647942749998997
luxury looks modern,4,0.23809523809523808,0.309958735506241,1,2026-09-21,2026-09-21,0.10647942749998997,-0.10647942749998997
stylish outfits streetwear,4,0.23809523809523808,0.309958735506241,1,2026-09-21,2026-09-21,0.10647942749998997,-0.10647942749998997
streetwear luxury,4,0.23809523809523808,0.309958735506241,1,2026-09-21,2026-09-21,0.10647942749998997,-0.10647942749998997
streetwear luxury looks,4,0.23809523809523808,0.309958735506241,1,2026-09-21,2026-09-21,0.10647942749998997,-0.10647942749998997
adapt,4,0.23809523809523808,0.309958735506241,1,2026-09-21,2026-09-21,0.10647942749998997,-0.10647942749998997
affordable,6,0.23809523809523808,0.20637138322918364,3,2026-08-31,2026-09-28,0.08999154119267314,-0.08999154119267314
welcome yaaranshort,4,0.23809523809523808,0.309958735506241,1,2026-09-21,2026-09-21,0.10647942749998997,-0.10647942749998997
welcome yaaranshort destination,4,0.23809523809523808,0.309958735506241,1,2026-09-21,2026-09-21,0.10647942749998997,-0.10647942749998997
wish,7,0.2261904761904762,0.41373492769987064,2,2026-09-07,2026-09-21,0.07997040977705001,-0.07997040977705001
purple,7,0.2261904761904762,0.26982036517460484,3,2026-08-17,2026-09-28,0.07997040977705001,-0.07997040977705001
prime,7,0.2261904761904762,0.41373492769987064,2,2026-09-07,2026-09-21,0.07997040977705001,-0.07997040977705001
hacks,7,0.2261904761904762,0.26982036517460484,3,2026-08-17,2026-09-28,0.07997040977705001,-0.07997040977705001
colorful,5,0.2261904761904762,0.3347667725763387,2,2026-08-31,2026-09-21,0.09234187522396903,-0.09234187522396903
skirts,7,0.2261904761904762,0.46030289623841875,2,2026-08-24,2026-09-21,0.07997040977705001,-0.07997040977705001
dating,7,0.2261904761904762,0.41373492769987064,2,2026-09-07,2026-09-21,0.07997040977705001,-0.07997040977705001
home trend,7,0.2261904761904762,0.41373492769987064,2,2026-09-07,2026-09-21,0.07997040977705001,-0.07997040977705001
value,5,0.2261904761904762,0.18415028667845135,3,2026-09-07,2026-09-21,0.09234187522396903,-0.09234187522396903
child,7,0.2261904761904762,0.41373492769987064,2,2026-09-07,2026-09-21,0.07997040977705001,-0.07997040977705001
following,7,0.2261904761904762,0.41373492769987064,2,2026-09-07,2026-09-21,0.07997040977705001,-0.07997040977705001
functional,7,0.2261904761904762,0.26982036517460484,3,2026-08-17,2026-09-28,0.07997040977705001,-0.07997040977705001
major comeback,10,0.21428571428571427,0.49152675506563787,3,2026-08-31,2026-09-21,0.0646095738380922,-0.0646095738380922
divisive,10,0.21428571428571427,0.49152675506563787,3,2026-08-31,2026-09-21,0.0646095738380922,-0.0646095738380922
weeks,4,0.21428571428571427,0.21664763590131172,2,2026-09-14,2026-09-21,0.09583148474999098,-0.09583148474999098
gen,10,0.21428571428571427,0.5989826057266466,2,2026-08-24,2026-09-21,0.0646095738380922,-0.0646095738380922
trends women,6,0.21428571428571427,0.3914300823514173,2,2026-09-07,2026-09-28,0.08099238707340582,-0.08099238707340582
autumn wear,10,0.21428571428571427,0.49152675506563787,3,2026-08-24,2026-09-21,0.0646095738380922,-0.0646095738380922
choose,6,0.21428571428571427,0.26256482462045533,3,2026-08-24,2026-09-21,0.08099238707340582,-0.08099238707340582
starts,4,0.21428571428571427,0.21664763590131172,2,2026-09-14,2026-09-21,0.09583148474999098,-0.09583148474999098
represents,4,0.21428571428571427,0.21664763590131172,2,2026-09-14,2026-09-21,0.09583148474999098,-0.09583148474999098
spend,7,0.20238095238095238,0.4098264210613309,3,2026-08-24,2026-09-21,0.0715524719057816,-0.0715524719057816
palette,5,0.20238095238095238,0.30355746243923676,2,2026-09-07,2026-09-21,0.08262167783197229,-0.08262167783197229
deeper,5,0.20238095238095238,0.39233364786855773,2,2026-08-24,2026-09-21,0.08262167783197229,-0.08262167783197229
slowly,5,0.20238095238095238,0.39233364786855773,2,2026-08-24,2026-09-21,0.08262167783197229,-0.08262167783197229
clean,9,0.20238095238095238,0.4674056019298008,3,2026-08-17,2026-09-21,0.06399847645578863,-0.06399847645578863
skincare trend,5,0.20238095238095238,0.30355746243923676,2,2026-09-07,2026-09-21,0.08262167783197229,-0.08262167783197229
spruce designers,5,0.20238095238095238,0.39233364786855773,2,2026-08-24,2026-09-21,0.08262167783197229,-0.08262167783197229
luxe,7,0.20238095238095238,0.4098264210613309,3,2026-08-17,2026-09-28,0.0715524719057816,-0.0715524719057816
home design,13,0.20238095238095238,0.5203566148099273,4,2026-08-24,2026-09-21,0.05408858467275256,-0.05408858467275256
spruce designers say,5,0.20238095238095238,0.39233364786855773,2,2026-08-24,2026-09-21,0.08262167783197229,-0.08262167783197229
forward,4,0.19047619047619047,0.20288444914997816,2,2026-09-14,2026-09-21,0.08518354199999198,-0.08518354199999198
small space,10,0.19047619047619047,0.5239154433894431,4,2026-08-17,2026-09-28,0.0574307323005264,-0.0574307323005264
fall elle,8,0.19047619047619047,0.5471616124270277,2,2026-08-31,2026-09-21,0.06349206349206349,-0.06349206349206349
say home,12,0.19047619047619047,0.5288489550633988,4,2026-08-24,2026-09-21,0.05282859011668849,-0.05282859011668849
divisive fashion trend,8,0.19047619047619047,0.5471616124270277,2,2026-08-31,2026-09-21,0.06349206349206349,-0.06349206349206349
divisive fashion,8,0.19047619047619047,0.5471616124270277,2,2026-08-31,2026-09-21,0.06349206349206349,-0.06349206349206349
expect,8,0.19047619047619047,0.6036450565101362,2,2026-09-07,2026-09-21,0.06349206349206349,-0.06349206349206349
designers say home,12,0.19047619047619047,0.5288489550633988,4,2026-08-24,2026-09-21,0.05282859011668849,-0.05282859011668849
forms,4,0.19047619047619047,0.27965829090465766,2,2026-09-07,2026-09-21,0.08518354199999198,-0.08518354199999198
health,12,0.19047619047619047,0.6344472334953445,3,2026-08-31,2026-09-21,0.05282859011668849,-0.05282859011668849
making major comeback,8,0.19047619047619047,0.5471616124270277,2,2026-08-31,2026-09-21,0.06349206349206349,-0.06349206349206349
micro trends,8,0.19047619047619047,0.5471616124270277,2,2026-08-31,2026-09-21,0.06349206349206349,-0.06349206349206349
making major,8,0.19047619047619047,0.5471616124270277,2,2026-08-31,2026-09-21,0.06349206349206349,-0.06349206349206349
hunter,7,0.17857142857142858,0.5637092694801925,2,2026-08-17,2026-09-21,0.06313453403451316,-0.06313453403451316
glow,5,0.17857142857142858,0.309958735506241,3,2026-08-10,2026-09-28,0.07290148043997555,-0.07290148043997555
mistakes,7,0.17857142857142858,0.5637092694801925,2,2026-08-17,2026-09-21,0.06313453403451316,-0.06313453403451316
storage,5,0.17857142857142858,0.2315198320736947,3,2026-08-31,2026-09-28,0.07290148043997555,-0.07290148043997555
steps,5,0.17857142857142858,0.2315198320736947,3,2026-09-07,2026-09-21,0.07290148043997555,-0.07290148043997555
decisions,8,0.16666666666666666,0.5428736032743399,3,2026-08-24,2026-09-21,0.05555555555555555,-0.05555555555555555
color trends,9,0.15476190476190477,0.6181790943092488,3,2026-08-17,2026-09-21,0.04894001140736778,-0.04894001140736778
ahead,7,0.15476190476190477,0.4639276542664038,3,2026-08-24,2026-09-21,0.05471659616324475,-0.05471659616324475
fall fashion trends,21,0.15476190476190477,0.8031077154754834,4,2026-08-17,2026-09-21,0.032995348959796854,-0.032995348959796854
right technology,4,0.14285714285714285,0.5546464232219371,1,2026-09-14,2026-09-14,0.06388765649999398,-0.06388765649999398
elle decor,8,0.14285714285714285,0.5812719540380182,3,2026-08-17,2026-09-21,0.047619047619047616,-0.047619047619047616
burrowcore,12,0.14285714285714285,0.6890522264439654,3,2026-08-24,2026-09-21,0.03962144258751637,-0.03962144258751637
instead real,12,0.14285714285714285,0.8460525238666444,1,2026-09-07,2026-09-07,0.03962144258751637,-0.03962144258751637
korea,8,0.14285714285714285,0.698566859664124,2,2026-08-24,2026-09-14,0.047619047619047616,-0.047619047619047616
instead real simple,12,0.14285714285714285,0.8460525238666444,1,2026-09-07,2026-09-07,0.03962144258751637,-0.03962144258751637
lifestyle,11,0.13095238095238096,0.5873614792581514,5,2026-08-17,2026-09-28,0.03780269619693979,-0.03780269619693979
shaping,10,0.11904761904761904,0.7721322159692601,2,2026-08-17,2026-09-21,0.035894207687829,-0.035894207687829
lines,14,0.11904761904761904,0.8343887153245139,2,2026-08-17,2026-09-21,0.030737963065138225,-0.030737963065138225
skinny,6,0.11904761904761904,0.49906137962992314,3,2026-08-24,2026-09-21,0.04499577059633657,-0.04499577059633657
buzzfeed,9,0.10714285714285714,0.7315879892592952,3,2026-08-17,2026-09-21,0.03388154635894692,-0.03388154635894692
home trends,13,0.10714285714285714,0.8268265435511755,3,2026-08-10,2026-09-21,0.02863513306204547,-0.02863513306204547
simple decor,5,0.10714285714285714,0.6584920975921567,2,2026-09-07,2026-09-21,0.043740888263985325,-0.043740888263985325
transition,13,0.10714285714285714,0.8048817977199217,3,2026-08-17,2026-09-21,0.02863513306204547,-0.02863513306204547
key,12,0.09523809523809523,0.7561015938882547,4,2026-08-17,2026-09-28,0.026414295058344243,-0.026414295058344243
festival,8,0.09523809523809523,0.7152407778441922,3,2026-08-31,2026-09-21,0.031746031746031744,-0.031746031746031744
decorating,22,0.09523809523809523,0.8689725321256514,5,2026-08-17,2026-09-28,0.019858515624483312,-0.019858515624483312
autumn winter,14,0.09523809523809523,0.8015639649701467,5,2026-08-24,2026-09-28,0.024590370452110582,-0.024590370452110582
inspired,7,0.08333333333333333,0.62458722449233,4,2026-08-24,2026-09-21,0.029462782549439476,-0.029462782549439476
new season,8,0.07142857142857142,0.7970385741881917,3,2026-08-24,2026-09-21,0.023809523809523808,-0.023809523809523808
interior designers say,10,0.07142857142857142,0.862396852847939,2,2026-08-31,2026-09-14,0.0215365246126974,-0.0215365246126974
waste,6,0.07142857142857142,0.7662600657593478,3,2026-08-31,2026-09-28,0.02699746235780194,-0.02699746235780194
texture,5,0.05952380952380952,0.7721322159692601,2,2026-08-17,2026-09-21,0.024300493479991848,-0.024300493479991848
trends shaping,9,0.05952380952380952,0.8702469809198651,2,2026-08-17,2026-09-21,0.018823081310526065,-0.018823081310526065
having,9,0.05952380952380952,0.8702469809198651,2,2026-08-17,2026-09-21,0.018823081310526065,-0.018823081310526065
surprisingly,6,0.047619047619047616,0.8135161132801981,3,2026-08-17,2026-09-21,0.017998308238534627,-0.017998308238534627
simple decor trends,4,0.047619047619047616,0.8460525238666444,1,2026-09-07,2026-09-07,0.021295885499997995,-0.021295885499997995
fall color,12,0.047619047619047616,0.9062893121654422,3,2026-08-17,2026-09-21,0.013207147529172122,-0.013207147529172122
fall house,12,0.047619047619047616,0.9265881769628118,2,2026-08-31,2026-09-07,0.013207147529172122,-0.013207147529172122
fall house beautiful,12,0.047619047619047616,0.9265881769628118,2,2026-08-31,2026-09-07,0.013207147529172122,-0.013207147529172122
trends look,8,0.047619047619047616,0.855913629530575,3,2026-08-24,2026-09-14,0.015873015873015872,-0.015873015873015872
trends interior designers,12,0.047619047619047616,0.9265881769628118,2,2026-08-31,2026-09-07,0.013207147529172122,-0.013207147529172122
trends interior,12,0.047619047619047616,0.9265881769628118,2,2026-08-31,2026-09-07,0.013207147529172122,-0.013207147529172122
real simple decor,4,0.047619047619047616,0.8460525238666444,1,2026-09-07,2026-09-07,0.021295885499997995,-0.021295885499997995
eyes,15,0.03571428571428571,0.9444103936755082,3,2026-08-17,2026-09-21,0.008928571428571428,-0.008928571428571428
forbes,10,0.023809523809523808,0.9403583921714922,3,2026-08-17,2026-09-21,0.0071788415375658,-0.0071788415375658
trends know,14,0.023809523809523808,0.944860909575424,4,2026-08-17,2026-09-21,0.0061475926130276455,-0.0061475926130276455
veranda,10,0.023809523809523808,0.9403583921714922,3,2026-08-17,2026-09-21,0.0071788415375658,-0.0071788415375658
home design trends,10,0.023809523809523808,0.9403583921714922,3,2026-08-24,2026-09-14,0.0071788415375658,-0.0071788415375658
beautiful designers say,6,0.023809523809523808,0.89457909100177,3,2026-08-17,2026-09-21,0.008999154119267314,-0.008999154119267314
vintage,18,0.023809523809523808,0.96975937660434,3,2026-08-24,2026-09-21,0.0054622793778705174,-0.0054622793778705174
korean,8,0.023809523809523808,0.9318670204387731,3,2026-08-17,2026-09-28,0.007936507936507936,-0.007936507936507936
winter trends,7,0.011904761904761904,0.9625025025510503,3,2026-08-24,2026-09-14,0.004208968935634211,-0.004208968935634211
autumn winter trends,7,0.011904761904761904,0.9625025025510503,3,2026-08-24,2026-09-14,0.004208968935634211,-0.004208968935634211
instagram,12,0.0,1.0,2,2026-08-10,2026-09-21,0.0,-0.0
house beautiful designers,8,0.0,1.0,4,2026-08-17,2026-09-21,0.0,-0.0
stylists,8,0.0,1.0,3,2026-08-10,2026-09-21,0.0,-0.0
beautiful designers,8,0.0,1.0,4,2026-08-17,2026-09-21,0.0,-0.0
decor trends interior,8,0.0,1.0,2,2026-08-31,2026-09-07,0.0,-0.0
designers predict,8,0.0,1.0,2,2026-08-31,2026-09-07,0.0,-0.0
trends fall house,8,0.0,1.0,2,2026-08-31,2026-09-07,0.0,-0.0
makeup trends,31,-0.011904761904761904,0.9855975036816133,5,2026-08-17,2026-09-21,-0.0021044844678171056,0.0021044844678171056
layered,9,-0.011904761904761904,0.9625025025510503,4,2026-08-17,2026-09-21,-0.003764616262105213,0.003764616262105213
trend perfect,10,-0.023809523809523808,0.9539845625586785,2,2026-08-31,2026-09-07,-0.0071788415375658,0.0071788415375658
instantly make,6,-0.023809523809523808,0.89457909100177,3,2026-08-17,2026-09-28,-0.008999154119267314,0.008999154119267314
southern living,20,-0.047619047619047616,0.9309022880360058,4,2026-08-10,2026-09-21,-0.010391328106475828,0.010391328106475828
house beautiful burrowcore,4,-0.047619047619047616,0.7662600657593478,2,2026-08-24,2026-09-07,-0.021295885499997995,0.021295885499997995
room feel,8,-0.047619047619047616,0.855913629530575,3,2026-08-10,2026-09-21,-0.015873015873015872,0.015873015873015872
beautiful burrowcore,4,-0.047619047619047616,0.7662600657593478,2,2026-08-24,2026-09-07,-0.021295885499997995,0.021295885499997995
ghost,11,-0.05952380952380952,0.8934412006805252,2,2026-08-17,2026-09-21,-0.017183043725881718,0.017183043725881718
antique,10,-0.07142857142857142,0.8220397236852253,3,2026-08-24,2026-09-21,-0.0215365246126974,0.0215365246126974
skincare trends,10,-0.07142857142857142,0.8220397236852253,3,2026-08-17,2026-09-21,-0.0215365246126974,0.0215365246126974
vogue key,4,-0.09523809523809523,0.5471616124270277,2,2026-08-17,2026-09-07,-0.04259177099999599,0.04259177099999599
canada,10,-0.11904761904761904,0.7454829219993309,3,2026-08-17,2026-09-14,-0.035894207687829,0.035894207687829
experts,18,-0.11904761904761904,0.8249585778801576,4,2026-08-17,2026-09-21,-0.027311396889352586,0.027311396889352586
dominate,14,-0.11904761904761904,0.8343887153245139,2,2026-08-24,2026-09-07,-0.030737963065138225,0.030737963065138225
trends dominate,14,-0.11904761904761904,0.8343887153245139,2,2026-08-24,2026-09-07,-0.030737963065138225,0.030737963065138225
decorating trends,12,-0.14285714285714285,0.7226037415169878,3,2026-08-17,2026-09-21,-0.03962144258751637,0.03962144258751637
typography,7,-0.15476190476190477,0.414822150288464,4,2026-08-17,2026-09-21,-0.05471659616324475,0.05471659616324475
surprising,6,-0.16666666666666666,0.4797347736891989,3,2026-08-17,2026-09-21,-0.0629940788348712,0.0629940788348712
marthastewart,12,-0.19047619047619047,0.5288489550633988,4,2026-08-17,2026-09-07,-0.05282859011668849,0.05282859011668849
controversial,8,-0.19047619047619047,0.6036450565101362,2,2026-08-17,2026-08-31,-0.06349206349206349,0.06349206349206349
season vogue,8,-0.23809523809523808,0.3452553199103343,3,2026-08-17,2026-09-07,-0.07936507936507936,0.07936507936507936
coveteur,8,-0.23809523809523808,0.5133549907027151,2,2026-08-17,2026-09-21,-0.07936507936507936,0.07936507936507936
lashes,8,-0.23809523809523808,0.5133549907027151,2,2026-08-17,2026-09-21,-0.07936507936507936,0.07936507936507936
ghost lashes,8,-0.23809523809523808,0.5133549907027151,2,2026-08-17,2026-09-21,-0.07936507936507936,0.07936507936507936
blurred,8,-0.23809523809523808,0.5133549907027151,2,2026-08-17,2026-09-21,-0.07936507936507936,0.07936507936507936
decor trends,32,-0.2857142857142857,0.7572961029719435,5,2026-08-17,2026-09-14,-0.04973647313019938,0.04973647313019938
trends designers say,16,-0.2857142857142857,0.5812719540380182,3,2026-08-17,2026-09-07,-0.0692958928675237,0.0692958928675237
trends designers,24,-0.47619047619047616,0.5498991735050216,3,2026-08-17,2026-09-07,-0.09523809523809523,0.09523809523809523
fall makeup,14,-0.5952380952380952,0.20692576367007867,3,2026-08-17,2026-08-31,-0.15368981532569115,0.15368981532569115
fall makeup trends,14,-0.5952380952380952,0.20692576367007867,3,2026-08-17,2026-08-31,-0.15368981532569115,0.15368981532569115
